[{"@id": "https://data.archives.haute-garonne.fr/instanciation/5970497b-e580-11f0-a902-5405db5be75a#cote", "@type": "rico:Identifier", "rico:name": "2 B 13287", "rico:hasIdentifierType": "type:ctact"}, {"@id": "https://data.archives.haute-garonne.fr/instanciation/5970497b-e580-11f0-a902-5405db5be75a#castan25", "@type": "rico:Identifier", "rico:name": "6450", "rico:hasIdentifierType": "type:ctcas"}, {"@id": "https://data.archives.haute-garonne.fr/agent/59875326-e580-11f0-91ce-5405db5be75a", "@type": "rico:CorporateBody", "rico:name": {"@value": "Laurac. Justice seigneuriale (Laurac-en-Vivarais, Ard\u00e8che, France)", "@language": "fr"}, "rico:hasOrHadCorporateBodyType": {"@id": "type:cljur"}}, {"@id": "https://data.archives.haute-garonne.fr/agent/5988f029-e580-11f0-9017-5405db5be75a", "@type": "rico:CorporateBody", "rico:name": {"@value": "France. S\u00e9n\u00e9chauss\u00e9e de Villeneuve-de-Berg", "@language": "fr"}, "rico:hasOrHadLegalStatus": {"@id": "type:jusen"}, "rico:hasOrHadCorporateBodyType": {"@id": "type:cljur"}}, {"@id": "https://data.archives.haute-garonne.fr/instanciation/5970497b-e580-11f0-a902-5405db5be75a", "@type": "rico:Instantiation", "rico:name": "2 B 13287", "rico:hasCarrierType": {"@id": "type:susac"}, "rico:physicalCharacteristicsNote": {"@value": "{}", "@language": "fr"}, "rico:structure": {"@value": "{}", "@language": "fr"}, "rico:hasOrHadIdentifier": [{"@id": "https://data.archives.haute-garonne.fr/instanciation/5970497b-e580-11f0-a902-5405db5be75a#cote"}, {"@id": {"@id": "https://data.archives.haute-garonne.fr/instanciation/5970497b-e580-11f0-a902-5405db5be75a#castan25"}}], "rico:isOrWasInstantiationOf": {"@id": "{}"}, "rico:hasOrganicProvenance": [{"@id": "https://data.archives.haute-garonne.fr/agent/59875326-e580-11f0-91ce-5405db5be75a"}, {"@id": "https://data.archives.haute-garonne.fr/agent/5988f029-e580-11f0-9017-5405db5be75a"}], "rico:documents": {"@id": "https://data.archives.haute-garonne.fr/instanciation/597070a0-e580-11f0-b90c-5405db5be75a", "@type": "rico:Activity", "rico:name": {"@value": "Proc\u00e9dure de la justice seigneuriale de Laurac-en Vivarais, et du s\u00e9n\u00e9chal de Villeneuve de Berg entre entre le procureur fiscal de Laurac-en-Vivarais, Laurent Rey et Claude Gerbaud pour agression pr\u00e9meditee, d\u00e9gradation de biens, coups et blessures, vol de grand- chemin et vol.", "@language": "fr"}, "rico:resultsOrResultedFrom": [{"@id": "https://data.archives.haute-garonne.fr/evenement/5989db6e-e580-11f0-9416-5405db5be75a", "@type": "rico:Event", "rico:hasEventType": {"@id": "type:faagr"}, "rico:hasOrHadLocation": "{}"}, {"@id": "https://data.archives.haute-garonne.fr/evenement/5989db6e-e580-11f0-9416-5405db5be75a", "@type": "rico:Event", "rico:hasEventType": {"@id": "type:fadeg"}, "rico:hasOrHadLocation": "{}"}, {"@id": "https://data.archives.haute-garonne.fr/evenement/5989db6e-e580-11f0-9416-5405db5be75a", "@type": "rico:Event", "rico:hasEventType": {"@id": "type:facou"}, "rico:hasOrHadLocation": "{}"}, {"@id": "https://data.archives.haute-garonne.fr/evenement/5989db6e-e580-11f0-9416-5405db5be75a", "@type": "rico:Event", "rico:hasEventType": {"@id": "type:fagrd"}, "rico:hasOrHadLocation": "{}"}, {"@id": "https://data.archives.haute-garonne.fr/evenement/5989db6e-e580-11f0-9416-5405db5be75a", "@type": "rico:Event", "rico:hasEventType": {"@id": "type:favol"}, "rico:hasOrHadLocation": "{}"}, {"@id": "https://data.archives.haute-garonne.fr/evenement/5989db6e-e580-11f0-9416-5405db5be75a", "@type": "rico:Event", "rico:hasEventType": {"@id": "type:pccri"}, "rico:hasOrHadLocation": "{}"}], "rico:hasOrHadSubevent": "??", "rico:isAssociatedWithEvent": "???", "rico:hasOrHadParticipant": [{"@id": "https://data.archives.haute-garonne.fr/agent/597b0fb7-e580-11f0-9e06-5405db5be75a", "@type": "rico:Person", "rico:name": {"@value": "Gerbaud, Claude", "@language": "fr"}, "rico:hasOrHadOccupationOfType": {"@id": "type:prnon"}, "rico:hasOrHadDemographicGroup": {"@id": "type:sxhom"}}, {"@id": "https://data.archives.haute-garonne.fr/agent/597b0fb8-e580-11f0-b144-5405db5be75a", "@type": "rico:Person", "rico:name": {"@value": "Rey, Laurent", "@language": "fr"}, "rico:hasOrHadOccupationOfType": {"@id": "type:prnon"}, "rico:hasOrHadDemographicGroup": {"@id": "type:sxhom"}}], "rico:hasBeginningDate": {"@id": "https://data.archives.haute-garonne.fr/evenement/597070a0-e580-11f0-b90c-5405db5be75a#date-debut", "@type": "rico:Date", "rico:expressedDate": {"@value": "1783", "@language": "fr"}, "rico:normalizedDateValue": {"@value": "1783", "@type": "http://www.w3.org/2001/XMLSchema#gYear"}}, "rico:hasEndDate": {"@id": "https://data.archives.haute-garonne.fr/evenement/597070a0-e580-11f0-b90c-5405db5be75a#date-fin", "@type": "rico:Date", "rico:expressedDate": {"value": "1783", "@language": "fr"}, "rico:normalizedDateValue": {"value": "1783", "@type": "http://www.w3.org/2001/XMLSchema#gYear"}}}}]