[{"@id": "https://data.archives.haute-garonne.fr/instanciation/59704980-e580-11f0-bfb4-5405db5be75a#cote", "@type": "rico:Identifier", "rico:name": "2 B 13292", "rico:hasIdentifierType": "type:ctact"}, {"@id": "https://data.archives.haute-garonne.fr/instanciation/59704980-e580-11f0-bfb4-5405db5be75a#castan30", "@type": "rico:Identifier", "rico:name": "6035", "rico:hasIdentifierType": "type:ctcas"}, {"@id": "https://data.archives.haute-garonne.fr/agent/5987532b-e580-11f0-b5a6-5405db5be75a", "@type": "rico:CorporateBody", "rico:name": {"@value": "B\u00e9darieux. Justice seigneuriale (B\u00e9darieux, H\u00e9rault, France)", "@language": "fr"}, "rico:hasOrHadCorporateBodyType": {"@id": "type:cljur"}}, {"@id": "https://data.archives.haute-garonne.fr/instanciation/59704980-e580-11f0-bfb4-5405db5be75a", "@type": "rico:Instantiation", "rico:name": "2 B 13292", "rico:hasCarrierType": {"@id": "type:susac"}, "rico:physicalCharacteristicsNote": {"@value": "{}", "@language": "fr"}, "rico:structure": {"@value": "{}", "@language": "fr"}, "rico:hasOrHadIdentifier": [{"@id": "https://data.archives.haute-garonne.fr/instanciation/59704980-e580-11f0-bfb4-5405db5be75a#cote"}, {"@id": {"@id": "https://data.archives.haute-garonne.fr/instanciation/59704980-e580-11f0-bfb4-5405db5be75a#castan30"}}], "rico:isOrWasInstantiationOf": {"@id": "{}"}, "rico:hasOrganicProvenance": [{"@id": "https://data.archives.haute-garonne.fr/agent/5987532b-e580-11f0-b5a6-5405db5be75a"}], "rico:documents": {"@id": "https://data.archives.haute-garonne.fr/instanciation/597070a5-e580-11f0-82c5-5405db5be75a", "@type": "rico:Activity", "rico:name": {"@value": "Proc\u00e9dure de la justice seigneuriale de Bedarieux entre Jacques Amalric et Andr\u00e9 Fonds pour injures orales, diffamation et coups et blessures.", "@language": "fr"}, "rico:resultsOrResultedFrom": [{"@id": "https://data.archives.haute-garonne.fr/evenement/5989db73-e580-11f0-a881-5405db5be75a", "@type": "rico:Event", "rico:hasEventType": {"@id": "type:faora"}, "rico:hasOrHadLocation": "{}"}, {"@id": "https://data.archives.haute-garonne.fr/evenement/5989db73-e580-11f0-a881-5405db5be75a", "@type": "rico:Event", "rico:hasEventType": {"@id": "type:fadif"}, "rico:hasOrHadLocation": "{}"}, {"@id": "https://data.archives.haute-garonne.fr/evenement/5989db73-e580-11f0-a881-5405db5be75a", "@type": "rico:Event", "rico:hasEventType": {"@id": "type:facou"}, "rico:hasOrHadLocation": "{}"}, {"@id": "https://data.archives.haute-garonne.fr/evenement/5989db73-e580-11f0-a881-5405db5be75a", "@type": "rico:Event", "rico:hasEventType": {"@id": "type:pccri"}, "rico:hasOrHadLocation": "{}"}], "rico:hasOrHadSubevent": "??", "rico:isAssociatedWithEvent": "???", "rico:hasOrHadParticipant": [{"@id": "https://data.archives.haute-garonne.fr/agent/597b36ba-e580-11f0-a55b-5405db5be75a", "@type": "rico:Person", "rico:name": {"@value": "Amalric, Jacques", "@language": "fr"}, "rico:hasOrHadOccupationOfType": {"@id": "type:prnon"}, "rico:hasOrHadDemographicGroup": {"@id": "type:sxhom"}}, {"@id": "https://data.archives.haute-garonne.fr/agent/597b36bb-e580-11f0-9824-5405db5be75a", "@type": "rico:Person", "rico:name": {"@value": "Fonds, Andr\u00e9", "@language": "fr"}, "rico:hasOrHadOccupationOfType": {"@id": "type:prnon"}, "rico:hasOrHadDemographicGroup": {"@id": "type:sxhom"}}], "rico:hasBeginningDate": {"@id": "https://data.archives.haute-garonne.fr/evenement/597070a5-e580-11f0-82c5-5405db5be75a#date-debut", "@type": "rico:Date", "rico:expressedDate": {"@value": "1788", "@language": "fr"}, "rico:normalizedDateValue": {"@value": "1788", "@type": "http://www.w3.org/2001/XMLSchema#gYear"}}, "rico:hasEndDate": {"@id": "https://data.archives.haute-garonne.fr/evenement/597070a5-e580-11f0-82c5-5405db5be75a#date-fin", "@type": "rico:Date", "rico:expressedDate": {"value": "1789", "@language": "fr"}, "rico:normalizedDateValue": {"value": "1789", "@type": "http://www.w3.org/2001/XMLSchema#gYear"}}}}]