[{"@id": "https://data.archives.haute-garonne.fr/instanciation/5970497c-e580-11f0-a3aa-5405db5be75a#cote", "@type": "rico:Identifier", "rico:name": "2 B 13288", "rico:hasIdentifierType": "type:ctact"}, {"@id": "https://data.archives.haute-garonne.fr/instanciation/5970497c-e580-11f0-a3aa-5405db5be75a#castan26", "@type": "rico:Identifier", "rico:name": "5874", "rico:hasIdentifierType": "type:ctcas"}, {"@id": "https://data.archives.haute-garonne.fr/agent/59875327-e580-11f0-8dc2-5405db5be75a", "@type": "rico:CorporateBody", "rico:name": {"@value": "Marquisat de Montfrin. Justice seigneuriale (Montfrin, Gard, France)", "@language": "fr"}, "rico:hasOrHadCorporateBodyType": {"@id": "type:cljur"}}, {"@id": "https://data.archives.haute-garonne.fr/agent/5988f02a-e580-11f0-a96d-5405db5be75a", "@type": "rico:CorporateBody", "rico:name": {"@value": "France. S\u00e9n\u00e9chauss\u00e9e de N\u00eemes", "@language": "fr"}, "rico:hasOrHadLegalStatus": {"@id": "type:jusen"}, "rico:hasOrHadCorporateBodyType": {"@id": "type:cljur"}}, {"@id": "https://data.archives.haute-garonne.fr/instanciation/5970497c-e580-11f0-a3aa-5405db5be75a", "@type": "rico:Instantiation", "rico:name": "2 B 13288", "rico:hasCarrierType": {"@id": "type:susac"}, "rico:physicalCharacteristicsNote": {"@value": "{}", "@language": "fr"}, "rico:structure": {"@value": "{}", "@language": "fr"}, "rico:hasOrHadIdentifier": [{"@id": "https://data.archives.haute-garonne.fr/instanciation/5970497c-e580-11f0-a3aa-5405db5be75a#cote"}, {"@id": {"@id": "https://data.archives.haute-garonne.fr/instanciation/5970497c-e580-11f0-a3aa-5405db5be75a#castan26"}}], "rico:isOrWasInstantiationOf": {"@id": "{}"}, "rico:hasOrganicProvenance": [{"@id": "https://data.archives.haute-garonne.fr/agent/59875327-e580-11f0-8dc2-5405db5be75a"}, {"@id": "https://data.archives.haute-garonne.fr/agent/5988f02a-e580-11f0-a96d-5405db5be75a"}], "rico:documents": {"@id": "https://data.archives.haute-garonne.fr/instanciation/597070a1-e580-11f0-8782-5405db5be75a", "@type": "rico:Activity", "rico:name": {"@value": "Proc\u00e9dure de la justice seigneuriale de Montfrin et du s\u00e9n\u00e9chal de Nimes contre Claude Flechier Claude Flechier Antoine Flechier Guillaume Flechier et procureur du roi.pour vol, recel, et menaces.", "@language": "fr"}, "rico:resultsOrResultedFrom": [{"@id": "https://data.archives.haute-garonne.fr/evenement/5989db6f-e580-11f0-84ac-5405db5be75a", "@type": "rico:Event", "rico:hasEventType": {"@id": "type:favol"}, "rico:hasOrHadLocation": "{}"}, {"@id": "https://data.archives.haute-garonne.fr/evenement/5989db6f-e580-11f0-84ac-5405db5be75a", "@type": "rico:Event", "rico:hasEventType": {"@id": "type:farec"}, "rico:hasOrHadLocation": "{}"}, {"@id": "https://data.archives.haute-garonne.fr/evenement/5989db6f-e580-11f0-84ac-5405db5be75a", "@type": "rico:Event", "rico:hasEventType": {"@id": "type:famen"}, "rico:hasOrHadLocation": "{}"}, {"@id": "https://data.archives.haute-garonne.fr/evenement/5989db6f-e580-11f0-84ac-5405db5be75a", "@type": "rico:Event", "rico:hasEventType": {"@id": "type:pccri"}, "rico:hasOrHadLocation": "{}"}], "rico:hasOrHadSubevent": "??", "rico:isAssociatedWithEvent": "???", "rico:hasOrHadParticipant": [{"@id": "https://data.archives.haute-garonne.fr/agent/597b0fb9-e580-11f0-840d-5405db5be75a", "@type": "rico:Person", "rico:name": {"@value": "Flechier, Antoine", "@language": "fr"}, "rico:hasOrHadOccupationOfType": {"@id": "type:prnon"}, "rico:hasOrHadDemographicGroup": {"@id": "type:sxhom"}}, {"@id": "https://data.archives.haute-garonne.fr/agent/597b0fba-e580-11f0-b503-5405db5be75a", "@type": "rico:Person", "rico:name": {"@value": "Flechier, Claude", "@language": "fr"}, "rico:hasOrHadOccupationOfType": {"@id": "type:prnon"}, "rico:hasOrHadDemographicGroup": {"@id": "type:sxhom"}}, {"@id": "https://data.archives.haute-garonne.fr/agent/597b36b0-e580-11f0-9a0a-5405db5be75a", "@type": "rico:Person", "rico:name": {"@value": "Flechier, Claude", "@language": "fr"}, "rico:hasOrHadOccupationOfType": {"@id": "type:prnon"}, "rico:hasOrHadDemographicGroup": {"@id": "type:sxhom"}}, {"@id": "https://data.archives.haute-garonne.fr/agent/597b36b1-e580-11f0-bafb-5405db5be75a", "@type": "rico:Person", "rico:name": {"@value": "Flechier, Guillaume", "@language": "fr"}, "rico:hasOrHadOccupationOfType": {"@id": "type:prnon"}, "rico:hasOrHadDemographicGroup": {"@id": "type:sxhom"}}], "rico:hasBeginningDate": {"@id": "https://data.archives.haute-garonne.fr/evenement/597070a1-e580-11f0-8782-5405db5be75a#date-debut", "@type": "rico:Date", "rico:expressedDate": {"@value": "1783", "@language": "fr"}, "rico:normalizedDateValue": {"@value": "1783", "@type": "http://www.w3.org/2001/XMLSchema#gYear"}}, "rico:hasEndDate": {"@id": "https://data.archives.haute-garonne.fr/evenement/597070a1-e580-11f0-8782-5405db5be75a#date-fin", "@type": "rico:Date", "rico:expressedDate": {"value": "1784", "@language": "fr"}, "rico:normalizedDateValue": {"value": "1784", "@type": "http://www.w3.org/2001/XMLSchema#gYear"}}}}]