[{"@id": "https://data.archives.haute-garonne.fr/instanciation/59704986-e580-11f0-b9bf-5405db5be75a#cote", "@type": "rico:Identifier", "rico:name": "2 B 16778", "rico:hasIdentifierType": "type:ctact"}, {"@id": "https://data.archives.haute-garonne.fr/instanciation/5992ea4c-e580-11f0-8200-5405db5be75a", "@type": "rico:Instantiation", "rico:hadComponent": {"@id": "https://data.archives.haute-garonne.fr/instanciation/59704986-e580-11f0-b9bf-5405db5be75a"}, "rico:title": {"@value": "1730, civil", "@language": "fr"}}, {"@id": "https://data.archives.haute-garonne.fr/instanciation/5992ea4c-e580-11f0-8200-5405db5be75a", "@type": "rico:Instantiation", "rico:title": {"@value": "1730, civil", "@language": "fr"}}, {"@id": "https://data.archives.haute-garonne.fr/instanciation/5992ea4c-e580-11f0-8200-5405db5be75a", "@type": "rico:Instantiation", "rico:title": {"@value": "1730, civil", "@language": "fr"}}, {"@id": "https://data.archives.haute-garonne.fr/instanciation/5992ea4c-e580-11f0-8200-5405db5be75a", "@type": "rico:Instantiation", "rico:title": {"@value": "1730, civil", "@language": "fr"}}, {"@id": "https://data.archives.haute-garonne.fr/instanciation/5992ea4c-e580-11f0-8200-5405db5be75a", "@type": "rico:Instantiation", "rico:title": {"@value": "1730, civil", "@language": "fr"}}, {"@id": "https://data.archives.haute-garonne.fr/instanciation/5992ea4c-e580-11f0-8200-5405db5be75a", "@type": "rico:Instantiation", "rico:title": {"@value": "1730, civil", "@language": "fr"}}, {"@id": "https://data.archives.haute-garonne.fr/instanciation/5992ea4c-e580-11f0-8200-5405db5be75a", "@type": "rico:Instantiation", "rico:title": {"@value": "1730, civil", "@language": "fr"}}, {"@id": "https://data.archives.haute-garonne.fr/instanciation/5992ea4c-e580-11f0-8200-5405db5be75a", "@type": "rico:Instantiation", "rico:title": {"@value": "1730, civil", "@language": "fr"}}, {"@id": "https://data.archives.haute-garonne.fr/instanciation/5992ea4c-e580-11f0-8200-5405db5be75a", "@type": "rico:Instantiation", "rico:title": {"@value": "1730, civil", "@language": "fr"}}, {"@id": "https://data.archives.haute-garonne.fr/instanciation/5992ea4c-e580-11f0-8200-5405db5be75a", "@type": "rico:Instantiation", "rico:title": {"@value": "1730, civil", "@language": "fr"}}, {"@id": "https://data.archives.haute-garonne.fr/instanciation/5992ea4c-e580-11f0-8200-5405db5be75a", "@type": "rico:Instantiation", "rico:title": {"@value": "1730, civil", "@language": "fr"}}, {"@id": "https://data.archives.haute-garonne.fr/instanciation/5992ea4c-e580-11f0-8200-5405db5be75a", "@type": "rico:Instantiation", "rico:title": {"@value": "1730, civil", "@language": "fr"}}, {"@id": "https://data.archives.haute-garonne.fr/instanciation/5992ea4c-e580-11f0-8200-5405db5be75a", "@type": "rico:Instantiation", "rico:title": {"@value": "1730, civil", "@language": "fr"}}, {"@id": "https://data.archives.haute-garonne.fr/instanciation/5992ea4c-e580-11f0-8200-5405db5be75a", "@type": "rico:Instantiation", "rico:title": {"@value": "1730, civil", "@language": "fr"}}, {"@id": "https://data.archives.haute-garonne.fr/instanciation/5992ea4c-e580-11f0-8200-5405db5be75a", "@type": "rico:Instantiation", "rico:title": {"@value": "1730, civil", "@language": "fr"}}, {"@id": "https://data.archives.haute-garonne.fr/agent/59875331-e580-11f0-a545-5405db5be75a", "@type": "rico:CorporateBody", "rico:name": {"@value": "France. Parlement de Toulouse", "@language": "fr"}, "rico:hasOrHadLegalStatus": {"@id": "type:jucou"}, "rico:hasOrHadCorporateBodyType": {"@id": "type:cljur"}}, {"@id": "https://data.archives.haute-garonne.fr/instanciation/59704986-e580-11f0-b9bf-5405db5be75a", "@type": "rico:Instantiation", "rico:name": "2 B 16778", "rico:hasCarrierType": {"@id": "type:susac"}, "rico:physicalCharacteristicsNote": {"@value": "{}", "@language": "fr"}, "rico:structure": {"@value": "{}", "@language": "fr"}, "rico:hasOrHadIdentifier": [{"@id": "https://data.archives.haute-garonne.fr/instanciation/59704986-e580-11f0-b9bf-5405db5be75a#cote"}], "rico:wasComponentOf": [{"@id": "https://data.archives.haute-garonne.fr/instanciation/5992ea4c-e580-11f0-8200-5405db5be75a"}], "rico:isOrWasInstantiationOf": {"@id": "{}"}, "rico:hasOrganicProvenance": [{"@id": "https://data.archives.haute-garonne.fr/agent/59875331-e580-11f0-a545-5405db5be75a"}], "rico:documents": {"@id": "https://data.archives.haute-garonne.fr/instanciation/597070ab-e580-11f0-ad78-5405db5be75a", "@type": "rico:Activity", "rico:name": {"@value": "Proc\u00e9dure devant le parlement de Toulouse entre Guilhem Capbern, Jean Porta, Bertrand Caens, Laurent de Devant et Jeanet Cieutac, d'une part, et Jean Vidal, receveur des amendes pour la province du Languedoc, pour saisie.", "@language": "fr"}, "rico:resultsOrResultedFrom": [{"@id": "https://data.archives.haute-garonne.fr/evenement/598a025f-e580-11f0-889a-5405db5be75a", "@type": "rico:Event", "rico:hasEventType": {"@id": "type:fasai"}, "rico:hasOrHadLocation": "{}"}, {"@id": "https://data.archives.haute-garonne.fr/evenement/598a025f-e580-11f0-889a-5405db5be75a", "@type": "rico:Event", "rico:hasEventType": {"@id": "type:pcciv"}, "rico:hasOrHadLocation": "{}"}], "rico:hasOrHadSubevent": "??", "rico:isAssociatedWithEvent": "???", "rico:hasOrHadParticipant": [{"@id": "https://data.archives.haute-garonne.fr/agent/597b36c9-e580-11f0-98cf-5405db5be75a", "@type": "rico:Person", "rico:name": {"@value": "Capbern, Guilhem", "@language": "fr"}, "rico:hasOrHadOccupationOfType": {"@id": "type:prnon"}, "rico:hasOrHadDemographicGroup": {"@id": "type:sxhom"}}, {"@id": "https://data.archives.haute-garonne.fr/agent/597b36ca-e580-11f0-baf1-5405db5be75a", "@type": "rico:Person", "rico:name": {"@value": "Porta, Jean", "@language": "fr"}, "rico:hasOrHadOccupationOfType": {"@id": "type:prnon"}, "rico:hasOrHadDemographicGroup": {"@id": "type:sxhom"}}, {"@id": "https://data.archives.haute-garonne.fr/agent/597b36cb-e580-11f0-9235-5405db5be75a", "@type": "rico:Person", "rico:name": {"@value": "Caens, Betrand", "@language": "fr"}, "rico:hasOrHadOccupationOfType": {"@id": "type:prnon"}, "rico:hasOrHadDemographicGroup": {"@id": "type:sxhom"}}, {"@id": "https://data.archives.haute-garonne.fr/agent/597b36cc-e580-11f0-9b3c-5405db5be75a", "@type": "rico:Person", "rico:name": {"@value": "Cieutac, Jeanet", "@language": "fr"}, "rico:hasOrHadOccupationOfType": {"@id": "type:prnon"}, "rico:hasOrHadDemographicGroup": {"@id": "type:sxhom"}}, {"@id": "https://data.archives.haute-garonne.fr/agent/597b36cd-e580-11f0-bf40-5405db5be75a", "@type": "rico:Person", "rico:name": {"@value": "Vidal, Jean (receveur des amendes)", "@language": "fr"}, "rico:hasOrHadOccupationOfType": {"@id": "type:proff"}, "rico:hasOrHadDemographicGroup": {"@id": "type:sxhom"}}, {"@id": "https://data.archives.haute-garonne.fr/agent/597b36ce-e580-11f0-a19d-5405db5be75a", "@type": "rico:Person", "rico:name": {"@value": "Devant, Laurent de", "@language": "fr"}, "rico:hasOrHadOccupationOfType": {"@id": "type:prnon"}, "rico:hasOrHadDemographicGroup": {"@id": "type:sxhom"}}], "rico:hasBeginningDate": {"@id": "https://data.archives.haute-garonne.fr/evenement/597070ab-e580-11f0-ad78-5405db5be75a#date-debut", "@type": "rico:Date", "rico:expressedDate": {"@value": "1676", "@language": "fr"}, "rico:normalizedDateValue": {"@value": "1676", "@type": "http://www.w3.org/2001/XMLSchema#gYear"}}, "rico:hasEndDate": {"@id": "https://data.archives.haute-garonne.fr/evenement/597070ab-e580-11f0-ad78-5405db5be75a#date-fin", "@type": "rico:Date", "rico:expressedDate": {"value": "1676", "@language": "fr"}, "rico:normalizedDateValue": {"value": "1676", "@type": "http://www.w3.org/2001/XMLSchema#gYear"}}}}]