[{"@id": "https://data.archives.haute-garonne.fr/instanciation/59704981-e580-11f0-ba7e-5405db5be75a#cote", "@type": "rico:Identifier", "rico:name": "2 B 13293", "rico:hasIdentifierType": "type:ctact"}, {"@id": "https://data.archives.haute-garonne.fr/instanciation/59704981-e580-11f0-ba7e-5405db5be75a#castan31", "@type": "rico:Identifier", "rico:name": "6133", "rico:hasIdentifierType": "type:ctcas"}, {"@id": "https://data.archives.haute-garonne.fr/agent/5987532c-e580-11f0-9ac9-5405db5be75a", "@type": "rico:CorporateBody", "rico:name": {"@value": "France. S\u00e9n\u00e9chauss\u00e9e de Tarbes", "@language": "fr"}, "rico:hasOrHadLegalStatus": {"@id": "type:jusen"}, "rico:hasOrHadCorporateBodyType": {"@id": "type:cljur"}}, {"@id": "https://data.archives.haute-garonne.fr/instanciation/59704981-e580-11f0-ba7e-5405db5be75a", "@type": "rico:Instantiation", "rico:name": "2 B 13293", "rico:hasCarrierType": {"@id": "type:susac"}, "rico:physicalCharacteristicsNote": {"@value": "{}", "@language": "fr"}, "rico:structure": {"@value": "{}", "@language": "fr"}, "rico:hasOrHadIdentifier": [{"@id": "https://data.archives.haute-garonne.fr/instanciation/59704981-e580-11f0-ba7e-5405db5be75a#cote"}, {"@id": {"@id": "https://data.archives.haute-garonne.fr/instanciation/59704981-e580-11f0-ba7e-5405db5be75a#castan31"}}], "rico:isOrWasInstantiationOf": {"@id": "{}"}, "rico:hasOrganicProvenance": [{"@id": "https://data.archives.haute-garonne.fr/agent/5987532c-e580-11f0-9ac9-5405db5be75a"}], "rico:documents": {"@id": "https://data.archives.haute-garonne.fr/instanciation/597070a6-e580-11f0-9fcb-5405db5be75a", "@type": "rico:Activity", "rico:name": {"@value": "Proc\u00e9dure du s\u00e9n\u00e9chal de Bigorre \u00e0 Tarbes entre Jacquette Montezun et Simon Dupont pour diffamation et insulte orale.", "@language": "fr"}, "rico:resultsOrResultedFrom": [{"@id": "https://data.archives.haute-garonne.fr/evenement/5989db74-e580-11f0-94aa-5405db5be75a", "@type": "rico:Event", "rico:hasEventType": {"@id": "type:fadif"}, "rico:hasOrHadLocation": "{}"}, {"@id": "https://data.archives.haute-garonne.fr/evenement/5989db74-e580-11f0-94aa-5405db5be75a", "@type": "rico:Event", "rico:hasEventType": {"@id": "type:faora"}, "rico:hasOrHadLocation": "{}"}, {"@id": "https://data.archives.haute-garonne.fr/evenement/5989db74-e580-11f0-94aa-5405db5be75a", "@type": "rico:Event", "rico:hasEventType": {"@id": "type:pccri"}, "rico:hasOrHadLocation": "{}"}], "rico:hasOrHadSubevent": "??", "rico:isAssociatedWithEvent": "???", "rico:hasOrHadParticipant": [{"@id": "https://data.archives.haute-garonne.fr/agent/597b36bc-e580-11f0-8207-5405db5be75a", "@type": "rico:Person", "rico:name": {"@value": "Dupont, Simon", "@language": "fr"}, "rico:hasOrHadOccupationOfType": {"@id": "type:prnon"}, "rico:hasOrHadDemographicGroup": {"@id": "type:sxhom"}}, {"@id": "https://data.archives.haute-garonne.fr/agent/597b36bd-e580-11f0-ba98-5405db5be75a", "@type": "rico:Person", "rico:name": {"@value": "Montezun, Jacquette", "@language": "fr"}, "rico:hasOrHadOccupationOfType": {"@id": "type:prnon"}, "rico:hasOrHadDemographicGroup": {"@id": "type:sxfem"}}], "rico:hasBeginningDate": {"@id": "https://data.archives.haute-garonne.fr/evenement/597070a6-e580-11f0-9fcb-5405db5be75a#date-debut", "@type": "rico:Date", "rico:expressedDate": {"@value": "1783", "@language": "fr"}, "rico:normalizedDateValue": {"@value": "1783", "@type": "http://www.w3.org/2001/XMLSchema#gYear"}}, "rico:hasEndDate": {"@id": "https://data.archives.haute-garonne.fr/evenement/597070a6-e580-11f0-9fcb-5405db5be75a#date-fin", "@type": "rico:Date", "rico:expressedDate": {"value": "1788", "@language": "fr"}, "rico:normalizedDateValue": {"value": "1788", "@type": "http://www.w3.org/2001/XMLSchema#gYear"}}}}]