[{"@id": "https://data.archives.haute-garonne.fr/instanciation/59702251-e580-11f0-9ebf-5405db5be75a#cote", "@type": "rico:Identifier", "rico:name": "2 B 13272", "rico:hasIdentifierType": "type:ctact"}, {"@id": "https://data.archives.haute-garonne.fr/instanciation/59702251-e580-11f0-9ebf-5405db5be75a#castan11", "@type": "rico:Identifier", "rico:name": "1205", "rico:hasIdentifierType": "type:ctcas"}, {"@id": "https://data.archives.haute-garonne.fr/agent/59875319-e580-11f0-803a-5405db5be75a", "@type": "rico:CorporateBody", "rico:name": {"@value": "Marquisat de Fourquevaux. Justice seigneuriale (Fourquevaux, Haute-Garonne, France)", "@language": "fr"}, "rico:hasOrHadCorporateBodyType": {"@id": "type:cljur"}}, {"@id": "https://data.archives.haute-garonne.fr/instanciation/59702251-e580-11f0-9ebf-5405db5be75a", "@type": "rico:Instantiation", "rico:name": "2 B 13272", "rico:hasCarrierType": {"@id": "type:susac"}, "rico:physicalCharacteristicsNote": {"@value": "{}", "@language": "fr"}, "rico:structure": {"@value": "{}", "@language": "fr"}, "rico:hasOrHadIdentifier": [{"@id": "https://data.archives.haute-garonne.fr/instanciation/59702251-e580-11f0-9ebf-5405db5be75a#cote"}, {"@id": {"@id": "https://data.archives.haute-garonne.fr/instanciation/59702251-e580-11f0-9ebf-5405db5be75a#castan11"}}], "rico:isOrWasInstantiationOf": {"@id": "{}"}, "rico:hasOrganicProvenance": [{"@id": "https://data.archives.haute-garonne.fr/agent/59875319-e580-11f0-803a-5405db5be75a"}], "rico:documents": {"@id": "https://data.archives.haute-garonne.fr/instanciation/59707093-e580-11f0-b5f3-5405db5be75a", "@type": "rico:Activity", "rico:name": {"@value": "Proc\u00e9dure de la justice seigneuriale de Fourquevaux entre Simon Sicard, Jean Jean et Bernard Jean pour d\u00e9gradations de biens et viol de propri\u00e9t\u00e9.", "@language": "fr"}, "rico:resultsOrResultedFrom": [{"@id": "https://data.archives.haute-garonne.fr/evenement/5989db61-e580-11f0-8ccc-5405db5be75a", "@type": "rico:Event", "rico:hasEventType": {"@id": "type:fadeg"}, "rico:hasOrHadLocation": "{}"}, {"@id": "https://data.archives.haute-garonne.fr/evenement/5989db61-e580-11f0-8ccc-5405db5be75a", "@type": "rico:Event", "rico:hasEventType": {"@id": "type:favpr"}, "rico:hasOrHadLocation": "{}"}, {"@id": "https://data.archives.haute-garonne.fr/evenement/5989db61-e580-11f0-8ccc-5405db5be75a", "@type": "rico:Event", "rico:hasEventType": {"@id": "type:pccri"}, "rico:hasOrHadLocation": "{}"}], "rico:hasOrHadSubevent": "??", "rico:isAssociatedWithEvent": "???", "rico:hasOrHadParticipant": [{"@id": "https://data.archives.haute-garonne.fr/agent/597ae8db-e580-11f0-99a5-5405db5be75a", "@type": "rico:Person", "rico:name": {"@value": "Jean, Bernard", "@language": "fr"}, "rico:hasOrHadOccupationOfType": {"@id": "type:prnon"}, "rico:hasOrHadDemographicGroup": {"@id": "type:sxhom"}}, {"@id": "https://data.archives.haute-garonne.fr/agent/597ae8dc-e580-11f0-967b-5405db5be75a", "@type": "rico:Person", "rico:name": {"@value": "Jean, Jean", "@language": "fr"}, "rico:hasOrHadOccupationOfType": {"@id": "type:prnon"}, "rico:hasOrHadDemographicGroup": {"@id": "type:sxhom"}}, {"@id": "https://data.archives.haute-garonne.fr/agent/597ae8dd-e580-11f0-bed2-5405db5be75a", "@type": "rico:Person", "rico:name": {"@value": "Sicard, Simon", "@language": "fr"}, "rico:hasOrHadOccupationOfType": {"@id": "type:prnon"}, "rico:hasOrHadDemographicGroup": {"@id": "type:sxhom"}}], "rico:hasBeginningDate": {"@id": "https://data.archives.haute-garonne.fr/evenement/59707093-e580-11f0-b5f3-5405db5be75a#date-debut", "@type": "rico:Date", "rico:expressedDate": {"@value": "1743", "@language": "fr"}, "rico:normalizedDateValue": {"@value": "1743", "@type": "http://www.w3.org/2001/XMLSchema#gYear"}}, "rico:hasEndDate": {"@id": "https://data.archives.haute-garonne.fr/evenement/59707093-e580-11f0-b5f3-5405db5be75a#date-fin", "@type": "rico:Date", "rico:expressedDate": {"value": "1743", "@language": "fr"}, "rico:normalizedDateValue": {"value": "1743", "@type": "http://www.w3.org/2001/XMLSchema#gYear"}}}}]