[{"@id": "https://data.archives.haute-garonne.fr/instanciation/59702248-e580-11f0-8767-5405db5be75a#cote", "@type": "rico:Identifier", "rico:name": "2 B 495", "rico:hasIdentifierType": "type:ctact"}, {"@id": "https://data.archives.haute-garonne.fr/agent/59872c3b-e580-11f0-9206-5405db5be75a", "@type": "rico:CorporateBody", "rico:name": {"@value": "Tarbes (France). Temporalit\u00e9. Justice seigneuriale (Tarbes, Hautes-Pyr\u00e9n\u00e9es, France)", "@language": "fr"}, "rico:hasOrHadLegalStatus": {"@id": [null, null]}, "rico:hasOrHadCorporateBodyType": {"@id": "type:cljur"}}, {"@id": "https://data.archives.haute-garonne.fr/instanciation/59702248-e580-11f0-8767-5405db5be75a", "@type": "rico:Instantiation", "rico:name": "2 B 495", "rico:hasCarrierType": {"@id": "type:susac"}, "rico:physicalCharacteristicsNote": {"@value": "{}", "@language": "fr"}, "rico:structure": {"@value": "{}", "@language": "fr"}, "rico:hasOrHadIdentifier": [{"@id": "https://data.archives.haute-garonne.fr/instanciation/59702248-e580-11f0-8767-5405db5be75a#cote"}], "rico:isOrWasInstantiationOf": {"@id": "{}"}, "rico:hasOrganicProvenance": [{"@id": "https://data.archives.haute-garonne.fr/agent/59872c3b-e580-11f0-9206-5405db5be75a"}], "rico:documents": {"@id": "https://data.archives.haute-garonne.fr/instanciation/5970708a-e580-11f0-9a72-5405db5be75a", "@type": "rico:Activity", "rico:name": {"@value": "Abus de confiance.", "@language": "fr"}, "rico:resultsOrResultedFrom": [{"@id": "https://data.archives.haute-garonne.fr/evenement/5989b291-e580-11f0-b26d-5405db5be75a", "@type": "rico:Event", "rico:hasEventType": {"@id": "type:faesc"}, "rico:hasOrHadLocation": "{}"}, {"@id": "https://data.archives.haute-garonne.fr/evenement/5989b291-e580-11f0-b26d-5405db5be75a", "@type": "rico:Event", "rico:hasEventType": {"@id": "type:pccri"}, "rico:hasOrHadLocation": "{}"}], "rico:hasOrHadSubevent": "??", "rico:isAssociatedWithEvent": "???", "rico:hasOrHadParticipant": [{"@id": "https://data.archives.haute-garonne.fr/agent/597ac182-e580-11f0-8e31-5405db5be75a", "@type": "rico:Person", "rico:name": {"@value": "Laurent, Jean", "@language": "fr"}, "rico:hasOrHadOccupationOfType": {"@id": "type:prnon"}, "rico:hasOrHadDemographicGroup": {"@id": "type:sxhom"}}, {"@id": "https://data.archives.haute-garonne.fr/agent/597ac183-e580-11f0-824e-5405db5be75a", "@type": "rico:Person", "rico:name": {"@value": "Leschart, Guilhem", "@language": "fr"}, "rico:hasOrHadOccupationOfType": {"@id": "type:prnon"}, "rico:hasOrHadDemographicGroup": {"@id": "type:sxhom"}}], "rico:hasBeginningDate": {"@id": "https://data.archives.haute-garonne.fr/evenement/5970708a-e580-11f0-9a72-5405db5be75a#date-debut", "@type": "rico:Date", "rico:expressedDate": {"@value": "1657", "@language": "fr"}, "rico:normalizedDateValue": {"@value": "1657", "@type": "http://www.w3.org/2001/XMLSchema#gYear"}}, "rico:hasEndDate": {"@id": "https://data.archives.haute-garonne.fr/evenement/5970708a-e580-11f0-9a72-5405db5be75a#date-fin", "@type": "rico:Date", "rico:expressedDate": {"value": "1657", "@language": "fr"}, "rico:normalizedDateValue": {"value": "1657", "@type": "http://www.w3.org/2001/XMLSchema#gYear"}}}}]