[{"@id": "https://data.archives.haute-garonne.fr/instanciation/59702257-e580-11f0-9e07-5405db5be75a#cote", "@type": "rico:Identifier", "rico:name": "2 B 13278", "rico:hasIdentifierType": "type:ctact"}, {"@id": "https://data.archives.haute-garonne.fr/instanciation/59702257-e580-11f0-9e07-5405db5be75a#castan17", "@type": "rico:Identifier", "rico:name": "4960", "rico:hasIdentifierType": "type:ctcas"}, {"@id": "https://data.archives.haute-garonne.fr/agent/5987531f-e580-11f0-8a86-5405db5be75a", "@type": "rico:CorporateBody", "rico:name": {"@value": "Saint-Julien-de-Tournel. Justice seigneuriale", "@language": "fr"}, "rico:hasOrHadCorporateBodyType": {"@id": "type:cljur"}}, {"@id": "https://data.archives.haute-garonne.fr/instanciation/59702257-e580-11f0-9e07-5405db5be75a", "@type": "rico:Instantiation", "rico:name": "2 B 13278", "rico:hasCarrierType": {"@id": "type:susac"}, "rico:physicalCharacteristicsNote": {"@value": "{}", "@language": "fr"}, "rico:structure": {"@value": "{}", "@language": "fr"}, "rico:hasOrHadIdentifier": [{"@id": "https://data.archives.haute-garonne.fr/instanciation/59702257-e580-11f0-9e07-5405db5be75a#cote"}, {"@id": {"@id": "https://data.archives.haute-garonne.fr/instanciation/59702257-e580-11f0-9e07-5405db5be75a#castan17"}}], "rico:isOrWasInstantiationOf": {"@id": "{}"}, "rico:hasOrganicProvenance": [{"@id": "https://data.archives.haute-garonne.fr/agent/5987531f-e580-11f0-8a86-5405db5be75a"}], "rico:documents": {"@id": "https://data.archives.haute-garonne.fr/instanciation/59707099-e580-11f0-9e45-5405db5be75a", "@type": "rico:Activity", "rico:name": {"@value": "Proc\u00e9dure de la justice seigneuriale de Saint Julien Du Tounel entre Jean Diet, Andr\u00e9 Paitavin, Jean Roustant, Jean-Antoine Diet, Marguerite Barret, et Pierre Roustant pour agression pr\u00e9m\u00e9dit\u00e9e, coups et blessures, menaces, et violences.", "@language": "fr"}, "rico:resultsOrResultedFrom": [{"@id": "https://data.archives.haute-garonne.fr/evenement/5989db67-e580-11f0-8b32-5405db5be75a", "@type": "rico:Event", "rico:hasEventType": {"@id": "type:faagr"}, "rico:hasOrHadLocation": "{}"}, {"@id": "https://data.archives.haute-garonne.fr/evenement/5989db67-e580-11f0-8b32-5405db5be75a", "@type": "rico:Event", "rico:hasEventType": {"@id": "type:facou"}, "rico:hasOrHadLocation": "{}"}, {"@id": "https://data.archives.haute-garonne.fr/evenement/5989db67-e580-11f0-8b32-5405db5be75a", "@type": "rico:Event", "rico:hasEventType": {"@id": "type:famen"}, "rico:hasOrHadLocation": "{}"}, {"@id": "https://data.archives.haute-garonne.fr/evenement/5989db67-e580-11f0-8b32-5405db5be75a", "@type": "rico:Event", "rico:hasEventType": {"@id": "type:favce"}, "rico:hasOrHadLocation": "{}"}, {"@id": "https://data.archives.haute-garonne.fr/evenement/5989db67-e580-11f0-8b32-5405db5be75a", "@type": "rico:Event", "rico:hasEventType": {"@id": "type:pccri"}, "rico:hasOrHadLocation": "{}"}], "rico:hasOrHadSubevent": "??", "rico:isAssociatedWithEvent": "???", "rico:hasOrHadParticipant": [{"@id": "https://data.archives.haute-garonne.fr/agent/597b0f99-e580-11f0-b890-5405db5be75a", "@type": "rico:Person", "rico:name": {"@value": "Barret, Margueritte", "@language": "fr"}, "rico:hasOrHadOccupationOfType": {"@id": "type:prnon"}, "rico:hasOrHadDemographicGroup": {"@id": "type:sxfem"}}, {"@id": "https://data.archives.haute-garonne.fr/agent/597b0f9a-e580-11f0-b158-5405db5be75a", "@type": "rico:Person", "rico:name": {"@value": "Diet, Jean", "@language": "fr"}, "rico:hasOrHadOccupationOfType": {"@id": "type:prnon"}, "rico:hasOrHadDemographicGroup": {"@id": "type:sxhom"}}, {"@id": "https://data.archives.haute-garonne.fr/agent/597b0f9b-e580-11f0-9f39-5405db5be75a", "@type": "rico:Person", "rico:name": {"@value": "Diet, Jean-Antoine", "@language": "fr"}, "rico:hasOrHadOccupationOfType": {"@id": "type:prnon"}, "rico:hasOrHadDemographicGroup": {"@id": "type:sxhom"}}, {"@id": "https://data.archives.haute-garonne.fr/agent/597b0f9c-e580-11f0-b769-5405db5be75a", "@type": "rico:Person", "rico:name": {"@value": "Paitavin, Andr\u00e9", "@language": "fr"}, "rico:hasOrHadOccupationOfType": {"@id": "type:prnon"}, "rico:hasOrHadDemographicGroup": {"@id": "type:sxhom"}}, {"@id": "https://data.archives.haute-garonne.fr/agent/597b0f9d-e580-11f0-8b38-5405db5be75a", "@type": "rico:Person", "rico:name": {"@value": "Roustan, Pierre", "@language": "fr"}, "rico:hasOrHadOccupationOfType": {"@id": "type:prnon"}, "rico:hasOrHadDemographicGroup": {"@id": "type:sxhom"}}, {"@id": "https://data.archives.haute-garonne.fr/agent/597b0f9e-e580-11f0-853f-5405db5be75a", "@type": "rico:Person", "rico:name": {"@value": "Routan, Jean", "@language": "fr"}, "rico:hasOrHadOccupationOfType": {"@id": "type:prnon"}, "rico:hasOrHadDemographicGroup": {"@id": "type:sxhom"}}], "rico:hasBeginningDate": {"@id": "https://data.archives.haute-garonne.fr/evenement/59707099-e580-11f0-9e45-5405db5be75a#date-debut", "@type": "rico:Date", "rico:expressedDate": {"@value": "1769", "@language": "fr"}, "rico:normalizedDateValue": {"@value": "1769", "@type": "http://www.w3.org/2001/XMLSchema#gYear"}}, "rico:hasEndDate": {"@id": "https://data.archives.haute-garonne.fr/evenement/59707099-e580-11f0-9e45-5405db5be75a#date-fin", "@type": "rico:Date", "rico:expressedDate": {"value": "1769", "@language": "fr"}, "rico:normalizedDateValue": {"value": "1769", "@type": "http://www.w3.org/2001/XMLSchema#gYear"}}}}]