[{"@id": "https://data.archives.haute-garonne.fr/instanciation/59704978-e580-11f0-bc01-5405db5be75a#cote", "@type": "rico:Identifier", "rico:name": "2 B 13284", "rico:hasIdentifierType": "type:ctact"}, {"@id": "https://data.archives.haute-garonne.fr/instanciation/59704978-e580-11f0-bc01-5405db5be75a#castan22", "@type": "rico:Identifier", "rico:name": "6310", "rico:hasIdentifierType": "type:ctcas"}, {"@id": "https://data.archives.haute-garonne.fr/agent/59875323-e580-11f0-a945-5405db5be75a", "@type": "rico:CorporateBody", "rico:name": {"@value": "Moli\u00e8res. Justice royale inf\u00e9rieure (Moli\u00e8res, Tarn-et-Garonne, France)", "@language": "fr"}, "rico:hasOrHadCorporateBodyType": {"@id": "type:cljur"}}, {"@id": "https://data.archives.haute-garonne.fr/instanciation/59704978-e580-11f0-bc01-5405db5be75a", "@type": "rico:Instantiation", "rico:name": "2 B 13284", "rico:hasCarrierType": {"@id": "type:susac"}, "rico:physicalCharacteristicsNote": {"@value": "{}", "@language": "fr"}, "rico:structure": {"@value": "{}", "@language": "fr"}, "rico:hasOrHadIdentifier": [{"@id": "https://data.archives.haute-garonne.fr/instanciation/59704978-e580-11f0-bc01-5405db5be75a#cote"}, {"@id": {"@id": "https://data.archives.haute-garonne.fr/instanciation/59704978-e580-11f0-bc01-5405db5be75a#castan22"}}], "rico:isOrWasInstantiationOf": {"@id": "{}"}, "rico:hasOrganicProvenance": [{"@id": "https://data.archives.haute-garonne.fr/agent/59875323-e580-11f0-a945-5405db5be75a"}], "rico:documents": {"@id": "https://data.archives.haute-garonne.fr/instanciation/5970709d-e580-11f0-bbca-5405db5be75a", "@type": "rico:Activity", "rico:name": {"@value": "Proc\u00e9dure de la justice royale inf\u00e9rieure de Molieres entre avocat du procureur du roi, Dejean et Antoine Nougairede pour vol.", "@language": "fr"}, "rico:resultsOrResultedFrom": [{"@id": "https://data.archives.haute-garonne.fr/evenement/5989db6b-e580-11f0-94ea-5405db5be75a", "@type": "rico:Event", "rico:hasEventType": {"@id": "type:favol"}, "rico:hasOrHadLocation": "{}"}, {"@id": "https://data.archives.haute-garonne.fr/evenement/5989db6b-e580-11f0-94ea-5405db5be75a", "@type": "rico:Event", "rico:hasEventType": {"@id": "type:pccri"}, "rico:hasOrHadLocation": "{}"}], "rico:hasOrHadSubevent": "??", "rico:isAssociatedWithEvent": "???", "rico:hasOrHadParticipant": [{"@id": "https://data.archives.haute-garonne.fr/agent/597b0fa8-e580-11f0-9e8b-5405db5be75a", "@type": "rico:Person", "rico:name": {"@value": "Dejean", "@language": "fr"}, "rico:hasOrHadOccupationOfType": {"@id": "type:prnon"}, "rico:hasOrHadDemographicGroup": {"@id": "type:sxind"}}, {"@id": "https://data.archives.haute-garonne.fr/agent/597b0fa9-e580-11f0-8111-5405db5be75a", "@type": "rico:Person", "rico:name": {"@value": "Nougairede, Antoine", "@language": "fr"}, "rico:hasOrHadOccupationOfType": {"@id": "type:prnon"}, "rico:hasOrHadDemographicGroup": {"@id": "type:sxhom"}}], "rico:hasBeginningDate": {"@id": "https://data.archives.haute-garonne.fr/evenement/5970709d-e580-11f0-bbca-5405db5be75a#date-debut", "@type": "rico:Date", "rico:expressedDate": {"@value": "1789", "@language": "fr"}, "rico:normalizedDateValue": {"@value": "1789", "@type": "http://www.w3.org/2001/XMLSchema#gYear"}}, "rico:hasEndDate": {"@id": "https://data.archives.haute-garonne.fr/evenement/5970709d-e580-11f0-bbca-5405db5be75a#date-fin", "@type": "rico:Date", "rico:expressedDate": {"value": "1789", "@language": "fr"}, "rico:normalizedDateValue": {"value": "1789", "@type": "http://www.w3.org/2001/XMLSchema#gYear"}}}}]