[{"@id": "https://data.archives.haute-garonne.fr/instanciation/59702255-e580-11f0-b11a-5405db5be75a#cote", "@type": "rico:Identifier", "rico:name": "2 B 13276", "rico:hasIdentifierType": "type:ctact"}, {"@id": "https://data.archives.haute-garonne.fr/instanciation/59702255-e580-11f0-b11a-5405db5be75a#castan15", "@type": "rico:Identifier", "rico:name": "6383", "rico:hasIdentifierType": "type:ctcas"}, {"@id": "https://data.archives.haute-garonne.fr/agent/5987531d-e580-11f0-8de1-5405db5be75a", "@type": "rico:CorporateBody", "rico:name": {"@value": "Esparros. Justice seigneuriale (Esparros, Hautes-Pyr\u00e9n\u00e9es, France)", "@language": "fr"}, "rico:hasOrHadCorporateBodyType": {"@id": "type:cljur"}}, {"@id": "https://data.archives.haute-garonne.fr/instanciation/59702255-e580-11f0-b11a-5405db5be75a", "@type": "rico:Instantiation", "rico:name": "2 B 13276", "rico:hasCarrierType": {"@id": "type:susac"}, "rico:physicalCharacteristicsNote": {"@value": "{}", "@language": "fr"}, "rico:structure": {"@value": "{}", "@language": "fr"}, "rico:hasOrHadIdentifier": [{"@id": "https://data.archives.haute-garonne.fr/instanciation/59702255-e580-11f0-b11a-5405db5be75a#cote"}, {"@id": {"@id": "https://data.archives.haute-garonne.fr/instanciation/59702255-e580-11f0-b11a-5405db5be75a#castan15"}}], "rico:isOrWasInstantiationOf": {"@id": "{}"}, "rico:hasOrganicProvenance": [{"@id": "https://data.archives.haute-garonne.fr/agent/5987531d-e580-11f0-8de1-5405db5be75a"}], "rico:documents": {"@id": "https://data.archives.haute-garonne.fr/instanciation/59707097-e580-11f0-af61-5405db5be75a", "@type": "rico:Activity", "rico:name": {"@value": "Proc\u00e9dure de la justice seigneuriale d'Esparros entre Laurent Delhom, Marie Larrey et Th\u00e9r\u00e8se Delhom pour menaces, violences et pr\u00e9s\u00e9ances contest\u00e9es.", "@language": "fr"}, "rico:resultsOrResultedFrom": [{"@id": "https://data.archives.haute-garonne.fr/evenement/5989db65-e580-11f0-858d-5405db5be75a", "@type": "rico:Event", "rico:hasEventType": {"@id": "type:famen"}, "rico:hasOrHadLocation": "{}"}, {"@id": "https://data.archives.haute-garonne.fr/evenement/5989db65-e580-11f0-858d-5405db5be75a", "@type": "rico:Event", "rico:hasEventType": {"@id": "type:favce"}, "rico:hasOrHadLocation": "{}"}, {"@id": "https://data.archives.haute-garonne.fr/evenement/5989db65-e580-11f0-858d-5405db5be75a", "@type": "rico:Event", "rico:hasEventType": {"@id": "type:faprc"}, "rico:hasOrHadLocation": "{}"}, {"@id": "https://data.archives.haute-garonne.fr/evenement/5989db65-e580-11f0-858d-5405db5be75a", "@type": "rico:Event", "rico:hasEventType": {"@id": "type:pccri"}, "rico:hasOrHadLocation": "{}"}], "rico:hasOrHadSubevent": "??", "rico:isAssociatedWithEvent": "???", "rico:hasOrHadParticipant": [{"@id": "https://data.archives.haute-garonne.fr/agent/597ae8e5-e580-11f0-bf40-5405db5be75a", "@type": "rico:Person", "rico:name": {"@value": "Delhom, Laurent", "@language": "fr"}, "rico:hasOrHadOccupationOfType": {"@id": "type:prnon"}, "rico:hasOrHadDemographicGroup": {"@id": "type:sxhom"}}, {"@id": "https://data.archives.haute-garonne.fr/agent/597ae8e6-e580-11f0-8b2c-5405db5be75a", "@type": "rico:Person", "rico:name": {"@value": "Delhom, Th\u00e9r\u00e8se", "@language": "fr"}, "rico:hasOrHadOccupationOfType": {"@id": "type:prnon"}, "rico:hasOrHadDemographicGroup": {"@id": "type:sxfem"}}, {"@id": "https://data.archives.haute-garonne.fr/agent/597ae8e7-e580-11f0-a0cd-5405db5be75a", "@type": "rico:Person", "rico:name": {"@value": "Larrey, Marie", "@language": "fr"}, "rico:hasOrHadOccupationOfType": {"@id": "type:prnon"}, "rico:hasOrHadDemographicGroup": {"@id": "type:sxfem"}}], "rico:hasBeginningDate": {"@id": "https://data.archives.haute-garonne.fr/evenement/59707097-e580-11f0-af61-5405db5be75a#date-debut", "@type": "rico:Date", "rico:expressedDate": {"@value": "1787", "@language": "fr"}, "rico:normalizedDateValue": {"@value": "1787", "@type": "http://www.w3.org/2001/XMLSchema#gYear"}}, "rico:hasEndDate": {"@id": "https://data.archives.haute-garonne.fr/evenement/59707097-e580-11f0-af61-5405db5be75a#date-fin", "@type": "rico:Date", "rico:expressedDate": {"value": "1789", "@language": "fr"}, "rico:normalizedDateValue": {"value": "1789", "@type": "http://www.w3.org/2001/XMLSchema#gYear"}}}}]