[{"@id": "https://data.archives.haute-garonne.fr/instanciation/59704983-e580-11f0-981b-5405db5be75a#cote", "@type": "rico:Identifier", "rico:name": "2 B 13295", "rico:hasIdentifierType": "type:ctact"}, {"@id": "https://data.archives.haute-garonne.fr/instanciation/59704983-e580-11f0-981b-5405db5be75a#castan33", "@type": "rico:Identifier", "rico:name": "6374", "rico:hasIdentifierType": "type:ctcas"}, {"@id": "https://data.archives.haute-garonne.fr/agent/5987532e-e580-11f0-9b66-5405db5be75a", "@type": "rico:CorporateBody", "rico:name": {"@value": "Esparsac. Justice seigneuriale (Esparsac, Tarn-et-Garonne, France)", "@language": "fr"}, "rico:hasOrHadCorporateBodyType": {"@id": "type:cljur"}}, {"@id": "https://data.archives.haute-garonne.fr/instanciation/59704983-e580-11f0-981b-5405db5be75a", "@type": "rico:Instantiation", "rico:name": "2 B 13295", "rico:hasCarrierType": {"@id": "type:susac"}, "rico:physicalCharacteristicsNote": {"@value": "{}", "@language": "fr"}, "rico:structure": {"@value": "{}", "@language": "fr"}, "rico:hasOrHadIdentifier": [{"@id": "https://data.archives.haute-garonne.fr/instanciation/59704983-e580-11f0-981b-5405db5be75a#cote"}, {"@id": {"@id": "https://data.archives.haute-garonne.fr/instanciation/59704983-e580-11f0-981b-5405db5be75a#castan33"}}], "rico:isOrWasInstantiationOf": {"@id": "{}"}, "rico:hasOrganicProvenance": [{"@id": "https://data.archives.haute-garonne.fr/agent/5987532e-e580-11f0-9b66-5405db5be75a"}], "rico:documents": {"@id": "https://data.archives.haute-garonne.fr/instanciation/597070a8-e580-11f0-8c5e-5405db5be75a", "@type": "rico:Activity", "rico:name": {"@value": "Proc\u00e9dure de la justice seigneuriale d'Esparsac entre Jean Lamarque, Jean Saint Paul et Fran\u00e7ois Saint Paul pour d\u00e9gradation de biens et vol.", "@language": "fr"}, "rico:resultsOrResultedFrom": [{"@id": "https://data.archives.haute-garonne.fr/evenement/5989db76-e580-11f0-b2a6-5405db5be75a", "@type": "rico:Event", "rico:hasEventType": {"@id": "type:fadeg"}, "rico:hasOrHadLocation": "{}"}, {"@id": "https://data.archives.haute-garonne.fr/evenement/5989db76-e580-11f0-b2a6-5405db5be75a", "@type": "rico:Event", "rico:hasEventType": {"@id": "type:favol"}, "rico:hasOrHadLocation": "{}"}, {"@id": "https://data.archives.haute-garonne.fr/evenement/5989db76-e580-11f0-b2a6-5405db5be75a", "@type": "rico:Event", "rico:hasEventType": {"@id": "type:pccri"}, "rico:hasOrHadLocation": "{}"}], "rico:hasOrHadSubevent": "??", "rico:isAssociatedWithEvent": "???", "rico:hasOrHadParticipant": [{"@id": "https://data.archives.haute-garonne.fr/agent/597b36c0-e580-11f0-a9a3-5405db5be75a", "@type": "rico:Person", "rico:name": {"@value": "Lamarque, Jean", "@language": "fr"}, "rico:hasOrHadOccupationOfType": {"@id": "type:prnon"}, "rico:hasOrHadDemographicGroup": {"@id": "type:sxhom"}}, {"@id": "https://data.archives.haute-garonne.fr/agent/597b36c1-e580-11f0-b88e-5405db5be75a", "@type": "rico:Person", "rico:name": {"@value": "Saint Paul, Fran\u00e7ois", "@language": "fr"}, "rico:hasOrHadOccupationOfType": {"@id": "type:prnon"}, "rico:hasOrHadDemographicGroup": {"@id": "type:sxhom"}}, {"@id": "https://data.archives.haute-garonne.fr/agent/597b36c2-e580-11f0-84a0-5405db5be75a", "@type": "rico:Person", "rico:name": {"@value": "Saint Paul, Jean", "@language": "fr"}, "rico:hasOrHadOccupationOfType": {"@id": "type:prnon"}, "rico:hasOrHadDemographicGroup": {"@id": "type:sxhom"}}], "rico:hasBeginningDate": {"@id": "https://data.archives.haute-garonne.fr/evenement/597070a8-e580-11f0-8c5e-5405db5be75a#date-debut", "@type": "rico:Date", "rico:expressedDate": {"@value": "1787", "@language": "fr"}, "rico:normalizedDateValue": {"@value": "1787", "@type": "http://www.w3.org/2001/XMLSchema#gYear"}}, "rico:hasEndDate": {"@id": "https://data.archives.haute-garonne.fr/evenement/597070a8-e580-11f0-8c5e-5405db5be75a#date-fin", "@type": "rico:Date", "rico:expressedDate": {"value": "1789", "@language": "fr"}, "rico:normalizedDateValue": {"value": "1789", "@type": "http://www.w3.org/2001/XMLSchema#gYear"}}}}]