[{"@id": "https://data.archives.haute-garonne.fr/instanciation/59702249-e580-11f0-9233-5405db5be75a#cote", "@type": "rico:Identifier", "rico:name": "3 B 568", "rico:hasIdentifierType": "type:ctact"}, {"@id": "https://data.archives.haute-garonne.fr/agent/59872c3c-e580-11f0-bd2e-5405db5be75a", "@type": "rico:CorporateBody", "rico:name": {"@value": "Aussillon. Justice seigneuriale (Aussillon, Tarn, France)", "@language": "fr"}, "rico:hasOrHadCorporateBodyType": {"@id": "type:cljur"}}, {"@id": "https://data.archives.haute-garonne.fr/instanciation/59702249-e580-11f0-9233-5405db5be75a", "@type": "rico:Instantiation", "rico:name": "3 B 568", "rico:hasCarrierType": {"@id": "type:susac"}, "rico:physicalCharacteristicsNote": {"@value": "{}", "@language": "fr"}, "rico:structure": {"@value": "{}", "@language": "fr"}, "rico:hasOrHadIdentifier": [{"@id": "https://data.archives.haute-garonne.fr/instanciation/59702249-e580-11f0-9233-5405db5be75a#cote"}], "rico:isOrWasInstantiationOf": {"@id": "{}"}, "rico:hasOrganicProvenance": [{"@id": "https://data.archives.haute-garonne.fr/agent/59872c3c-e580-11f0-bd2e-5405db5be75a"}], "rico:documents": {"@id": "https://data.archives.haute-garonne.fr/instanciation/5970708b-e580-11f0-86a9-5405db5be75a", "@type": "rico:Activity", "rico:name": {"@value": "Proc\u00e9dure devant la justice seigneuriale d'Aussillon pour Jacques Boniel contre diverses personnes pour le meurtre de Job Bosniel.", "@language": "fr"}, "rico:resultsOrResultedFrom": [{"@id": "https://data.archives.haute-garonne.fr/evenement/5989db59-e580-11f0-9853-5405db5be75a", "@type": "rico:Event", "rico:hasEventType": {"@id": "type:fameu"}, "rico:hasOrHadLocation": "{}"}, {"@id": "https://data.archives.haute-garonne.fr/evenement/5989db59-e580-11f0-9853-5405db5be75a", "@type": "rico:Event", "rico:hasEventType": {"@id": "type:faprt"}, "rico:hasOrHadLocation": "{}"}, {"@id": "https://data.archives.haute-garonne.fr/evenement/5989db59-e580-11f0-9853-5405db5be75a", "@type": "rico:Event", "rico:hasEventType": {"@id": "type:faabu"}, "rico:hasOrHadLocation": "{}"}, {"@id": "https://data.archives.haute-garonne.fr/evenement/5989db59-e580-11f0-9853-5405db5be75a", "@type": "rico:Event", "rico:hasEventType": {"@id": "type:pccri"}, "rico:hasOrHadLocation": "{}"}, {"@id": "https://data.archives.haute-garonne.fr/evenement/5989db59-e580-11f0-9853-5405db5be75a", "@type": "rico:Event", "rico:hasOrHadLocation": "{}"}], "rico:hasOrHadSubevent": "??", "rico:isAssociatedWithEvent": "???", "rico:hasOrHadParticipant": [{"@id": "https://data.archives.haute-garonne.fr/agent/597ac184-e580-11f0-a28a-5405db5be75a", "@type": "rico:Person", "rico:name": {"@value": "Benazech, Pierre", "@language": "fr"}, "rico:hasOrHadOccupationOfType": {"@id": "type:prnon"}, "rico:hasOrHadDemographicGroup": {"@id": "type:sxhom"}}, {"@id": "https://data.archives.haute-garonne.fr/agent/597ac185-e580-11f0-8c8d-5405db5be75a", "@type": "rico:Person", "rico:name": {"@value": "Bosniel, Jacques", "@language": "fr"}, "rico:hasOrHadOccupationOfType": {"@id": "type:prnon"}, "rico:hasOrHadDemographicGroup": {"@id": "type:sxhom"}}, {"@id": "https://data.archives.haute-garonne.fr/agent/597ac186-e580-11f0-8172-5405db5be75a", "@type": "rico:Person", "rico:name": {"@value": "Bosniel, Job", "@language": "fr"}, "rico:hasOrHadOccupationOfType": {"@id": "type:prnon"}, "rico:hasOrHadDemographicGroup": {"@id": "type:sxhom"}}, {"@id": "https://data.archives.haute-garonne.fr/agent/597ac187-e580-11f0-812d-5405db5be75a", "@type": "rico:Person", "rico:name": {"@value": "Bru, No\u00e9", "@language": "fr"}, "rico:hasOrHadOccupationOfType": {"@id": "type:prnon"}, "rico:hasOrHadDemographicGroup": {"@id": "type:sxhom"}}, {"@id": "https://data.archives.haute-garonne.fr/agent/597ac188-e580-11f0-ab7b-5405db5be75a", "@type": "rico:Person", "rico:name": {"@value": "Brun, Jacob", "@language": "fr"}, "rico:hasOrHadOccupationOfType": {"@id": "type:prnon"}, "rico:hasOrHadDemographicGroup": {"@id": "type:sxhom"}}, {"@id": "https://data.archives.haute-garonne.fr/agent/597ac189-e580-11f0-9c1c-5405db5be75a", "@type": "rico:Person", "rico:name": {"@value": "Cebe, Alexandre", "@language": "fr"}, "rico:hasOrHadOccupationOfType": {"@id": "type:prnon"}, "rico:hasOrHadDemographicGroup": {"@id": "type:sxhom"}}, {"@id": "https://data.archives.haute-garonne.fr/agent/597ac18a-e580-11f0-a6ff-5405db5be75a", "@type": "rico:Person", "rico:name": {"@value": "Garrigues, Pierre", "@language": "fr"}, "rico:hasOrHadOccupationOfType": {"@id": "type:prnon"}, "rico:hasOrHadDemographicGroup": {"@id": "type:sxhom"}}, {"@id": "https://data.archives.haute-garonne.fr/agent/597ac18b-e580-11f0-b3fd-5405db5be75a", "@type": "rico:Person", "rico:name": {"@value": "Molinier, David", "@language": "fr"}, "rico:hasOrHadOccupationOfType": {"@id": "type:prnon"}, "rico:hasOrHadDemographicGroup": {"@id": "type:sxhom"}}, {"@id": "https://data.archives.haute-garonne.fr/agent/597ac18c-e580-11f0-bb67-5405db5be75a", "@type": "rico:Person", "rico:name": {"@value": "Rocayrol, Jean", "@language": "fr"}, "rico:hasOrHadOccupationOfType": {"@id": "type:prnon"}, "rico:hasOrHadDemographicGroup": {"@id": "type:sxhom"}}, {"@id": "https://data.archives.haute-garonne.fr/agent/597ac18d-e580-11f0-af16-5405db5be75a", "@type": "rico:Person", "rico:name": {"@value": "Rozet, Guillaume de", "@language": "fr"}, "rico:hasOrHadOccupationOfType": {"@id": "type:prnon"}, "rico:hasOrHadDemographicGroup": {"@id": "type:sxhom"}}], "rico:hasBeginningDate": {"@id": "https://data.archives.haute-garonne.fr/evenement/5970708b-e580-11f0-86a9-5405db5be75a#date-debut", "@type": "rico:Date", "rico:expressedDate": {"@value": "1671", "@language": "fr"}, "rico:normalizedDateValue": {"@value": "1671", "@type": "http://www.w3.org/2001/XMLSchema#gYear"}}, "rico:hasEndDate": {"@id": "https://data.archives.haute-garonne.fr/evenement/5970708b-e580-11f0-86a9-5405db5be75a#date-fin", "@type": "rico:Date", "rico:expressedDate": {"value": "1671", "@language": "fr"}, "rico:normalizedDateValue": {"value": "1671", "@type": "http://www.w3.org/2001/XMLSchema#gYear"}}}}]