[{"@id": "https://data.archives.haute-garonne.fr/instanciation/59704982-e580-11f0-94d4-5405db5be75a#cote", "@type": "rico:Identifier", "rico:name": "2 B 13294", "rico:hasIdentifierType": "type:ctact"}, {"@id": "https://data.archives.haute-garonne.fr/instanciation/59704982-e580-11f0-94d4-5405db5be75a#castan32", "@type": "rico:Identifier", "rico:name": "6140", "rico:hasIdentifierType": "type:ctcas"}, {"@id": "https://data.archives.haute-garonne.fr/agent/5987532d-e580-11f0-9fd9-5405db5be75a", "@type": "rico:CorporateBody", "rico:name": {"@value": "Laguiole. Justice seigneuriale (Laguiole, Aveyron, France)", "@language": "fr"}, "rico:hasOrHadCorporateBodyType": {"@id": "type:cljur"}}, {"@id": "https://data.archives.haute-garonne.fr/instanciation/59704982-e580-11f0-94d4-5405db5be75a", "@type": "rico:Instantiation", "rico:name": "2 B 13294", "rico:hasCarrierType": {"@id": "type:susac"}, "rico:physicalCharacteristicsNote": {"@value": "{}", "@language": "fr"}, "rico:structure": {"@value": "{}", "@language": "fr"}, "rico:hasOrHadIdentifier": [{"@id": "https://data.archives.haute-garonne.fr/instanciation/59704982-e580-11f0-94d4-5405db5be75a#cote"}, {"@id": {"@id": "https://data.archives.haute-garonne.fr/instanciation/59704982-e580-11f0-94d4-5405db5be75a#castan32"}}], "rico:isOrWasInstantiationOf": {"@id": "{}"}, "rico:hasOrganicProvenance": [{"@id": "https://data.archives.haute-garonne.fr/agent/5987532d-e580-11f0-9fd9-5405db5be75a"}], "rico:documents": {"@id": "https://data.archives.haute-garonne.fr/instanciation/597070a7-e580-11f0-ab61-5405db5be75a", "@type": "rico:Activity", "rico:name": {"@value": "Proc\u00e9dure de la justice seigneuriale de Laguiole entre Antoine Constans et Fran\u00e7ois Bourrel pour meurtre.", "@language": "fr"}, "rico:resultsOrResultedFrom": [{"@id": "https://data.archives.haute-garonne.fr/evenement/5989db75-e580-11f0-9442-5405db5be75a", "@type": "rico:Event", "rico:hasEventType": {"@id": "type:fameu"}, "rico:hasOrHadLocation": "{}"}, {"@id": "https://data.archives.haute-garonne.fr/evenement/5989db75-e580-11f0-9442-5405db5be75a", "@type": "rico:Event", "rico:hasEventType": {"@id": "type:pccri"}, "rico:hasOrHadLocation": "{}"}], "rico:hasOrHadSubevent": "??", "rico:isAssociatedWithEvent": "???", "rico:hasOrHadParticipant": [{"@id": "https://data.archives.haute-garonne.fr/agent/597b36be-e580-11f0-bd11-5405db5be75a", "@type": "rico:Person", "rico:name": {"@value": "Bourrel, Fran\u00e7ois", "@language": "fr"}, "rico:hasOrHadOccupationOfType": {"@id": "type:prnon"}, "rico:hasOrHadDemographicGroup": {"@id": "type:sxhom"}}, {"@id": "https://data.archives.haute-garonne.fr/agent/597b36bf-e580-11f0-890b-5405db5be75a", "@type": "rico:Person", "rico:name": {"@value": "Constans, Antoine", "@language": "fr"}, "rico:hasOrHadOccupationOfType": {"@id": "type:prnon"}, "rico:hasOrHadDemographicGroup": {"@id": "type:sxhom"}}], "rico:hasBeginningDate": {"@id": "https://data.archives.haute-garonne.fr/evenement/597070a7-e580-11f0-ab61-5405db5be75a#date-debut", "@type": "rico:Date", "rico:expressedDate": {"@value": "1781", "@language": "fr"}, "rico:normalizedDateValue": {"@value": "1781", "@type": "http://www.w3.org/2001/XMLSchema#gYear"}}, "rico:hasEndDate": {"@id": "https://data.archives.haute-garonne.fr/evenement/597070a7-e580-11f0-ab61-5405db5be75a#date-fin", "@type": "rico:Date", "rico:expressedDate": {"value": "1787", "@language": "fr"}, "rico:normalizedDateValue": {"value": "1787", "@type": "http://www.w3.org/2001/XMLSchema#gYear"}}}}]