[{"@id": "https://data.archives.haute-garonne.fr/instanciation/59704985-e580-11f0-b9d6-5405db5be75a#cote", "@type": "rico:Identifier", "rico:name": "2 B 13297", "rico:hasIdentifierType": "type:ctact"}, {"@id": "https://data.archives.haute-garonne.fr/instanciation/59704985-e580-11f0-b9d6-5405db5be75a#castan35", "@type": "rico:Identifier", "rico:name": "6199", "rico:hasIdentifierType": "type:ctcas"}, {"@id": "https://data.archives.haute-garonne.fr/agent/59875330-e580-11f0-a182-5405db5be75a", "@type": "rico:CorporateBody", "rico:name": {"@value": "La Garrigue. Justice seigneuriale (Lagamas, H\u00e9rault, France)", "@language": "fr"}, "rico:hasOrHadCorporateBodyType": {"@id": "type:cljur"}}, {"@id": "https://data.archives.haute-garonne.fr/instanciation/59704985-e580-11f0-b9d6-5405db5be75a", "@type": "rico:Instantiation", "rico:name": "2 B 13297", "rico:hasCarrierType": {"@id": "type:susac"}, "rico:physicalCharacteristicsNote": {"@value": "{}", "@language": "fr"}, "rico:structure": {"@value": "{}", "@language": "fr"}, "rico:hasOrHadIdentifier": [{"@id": "https://data.archives.haute-garonne.fr/instanciation/59704985-e580-11f0-b9d6-5405db5be75a#cote"}, {"@id": {"@id": "https://data.archives.haute-garonne.fr/instanciation/59704985-e580-11f0-b9d6-5405db5be75a#castan35"}}], "rico:isOrWasInstantiationOf": {"@id": "{}"}, "rico:hasOrganicProvenance": [{"@id": "https://data.archives.haute-garonne.fr/agent/59875330-e580-11f0-a182-5405db5be75a"}], "rico:documents": {"@id": "https://data.archives.haute-garonne.fr/instanciation/597070aa-e580-11f0-afcb-5405db5be75a", "@type": "rico:Activity", "rico:name": {"@value": "Proc\u00e9dure de la justice seigneuriale de Notre-Dame-de-la-Garrigue entre Louis Farrau et Joseph Largueze pour subornation de t\u00e9moins.", "@language": "fr"}, "rico:resultsOrResultedFrom": [{"@id": "https://data.archives.haute-garonne.fr/evenement/598a025e-e580-11f0-a777-5405db5be75a", "@type": "rico:Event", "rico:hasEventType": {"@id": "type:fasub"}, "rico:hasOrHadLocation": "{}"}, {"@id": "https://data.archives.haute-garonne.fr/evenement/598a025e-e580-11f0-a777-5405db5be75a", "@type": "rico:Event", "rico:hasEventType": {"@id": "type:pccri"}, "rico:hasOrHadLocation": "{}"}], "rico:hasOrHadSubevent": "??", "rico:isAssociatedWithEvent": "???", "rico:hasOrHadParticipant": [{"@id": "https://data.archives.haute-garonne.fr/agent/597b36c7-e580-11f0-b5c3-5405db5be75a", "@type": "rico:Person", "rico:name": {"@value": "Farrau, Louis", "@language": "fr"}, "rico:hasOrHadOccupationOfType": {"@id": "type:prnon"}, "rico:hasOrHadDemographicGroup": {"@id": "type:sxhom"}}, {"@id": "https://data.archives.haute-garonne.fr/agent/597b36c8-e580-11f0-aa41-5405db5be75a", "@type": "rico:Person", "rico:name": {"@value": "Largueze, Joseph", "@language": "fr"}, "rico:hasOrHadOccupationOfType": {"@id": "type:prnon"}, "rico:hasOrHadDemographicGroup": {"@id": "type:sxhom"}}], "rico:hasBeginningDate": {"@id": "https://data.archives.haute-garonne.fr/evenement/597070aa-e580-11f0-afcb-5405db5be75a#date-debut", "@type": "rico:Date", "rico:expressedDate": {"@value": "1788", "@language": "fr"}, "rico:normalizedDateValue": {"@value": "1788", "@type": "http://www.w3.org/2001/XMLSchema#gYear"}}, "rico:hasEndDate": {"@id": "https://data.archives.haute-garonne.fr/evenement/597070aa-e580-11f0-afcb-5405db5be75a#date-fin", "@type": "rico:Date", "rico:expressedDate": {"value": "1788", "@language": "fr"}, "rico:normalizedDateValue": {"value": "1788", "@type": "http://www.w3.org/2001/XMLSchema#gYear"}}}}]