[{"@id": "https://data.archives.haute-garonne.fr/instanciation/59702259-e580-11f0-96ff-5405db5be75a#cote", "@type": "rico:Identifier", "rico:name": "2 B 13281", "rico:hasIdentifierType": "type:ctact"}, {"@id": "https://data.archives.haute-garonne.fr/instanciation/59702259-e580-11f0-96ff-5405db5be75a#castan19", "@type": "rico:Identifier", "rico:name": "6217", "rico:hasIdentifierType": "type:ctcas"}, {"@id": "https://data.archives.haute-garonne.fr/instanciation/59702259-e580-11f0-96ff-5405db5be75a#castan20", "@type": "rico:Identifier", "rico:name": "6218", "rico:hasIdentifierType": "type:ctcas"}, {"@id": "https://data.archives.haute-garonne.fr/agent/59875321-e580-11f0-afd1-5405db5be75a", "@type": "rico:CorporateBody", "rico:name": {"@value": "Saint-Chinian. Justice royale inf\u00e9rieure (Saint-Chinian, H\u00e9rault, France)", "@language": "fr"}, "rico:hasOrHadCorporateBodyType": {"@id": "type:cljur"}}, {"@id": "https://data.archives.haute-garonne.fr/instanciation/59702259-e580-11f0-96ff-5405db5be75a", "@type": "rico:Instantiation", "rico:name": "2 B 13281", "rico:hasCarrierType": {"@id": "type:susac"}, "rico:physicalCharacteristicsNote": {"@value": "{}", "@language": "fr"}, "rico:structure": {"@value": "{}", "@language": "fr"}, "rico:hasOrHadIdentifier": [{"@id": "https://data.archives.haute-garonne.fr/instanciation/59702259-e580-11f0-96ff-5405db5be75a#cote"}, {"@id": {"@id": "https://data.archives.haute-garonne.fr/instanciation/59702259-e580-11f0-96ff-5405db5be75a#castan19"}}, {"@id": {"@id": "https://data.archives.haute-garonne.fr/instanciation/59702259-e580-11f0-96ff-5405db5be75a#castan20"}}], "rico:isOrWasInstantiationOf": {"@id": "{}"}, "rico:hasOrganicProvenance": [{"@id": "https://data.archives.haute-garonne.fr/agent/59875321-e580-11f0-afd1-5405db5be75a"}], "rico:documents": {"@id": "https://data.archives.haute-garonne.fr/instanciation/5970709b-e580-11f0-97e6-5405db5be75a", "@type": "rico:Activity", "rico:name": {"@value": "Proc\u00e9dure de la justice royale inf\u00e9rieure de Saint-Chinian contre Agnan Boutter, Paul Devic pour injures orales, menaces, violence et d\u00e9tounement d'eaux.", "@language": "fr"}, "rico:resultsOrResultedFrom": [{"@id": "https://data.archives.haute-garonne.fr/evenement/5989db69-e580-11f0-92f7-5405db5be75a", "@type": "rico:Event", "rico:hasEventType": {"@id": "type:faora"}, "rico:hasOrHadLocation": "{}"}, {"@id": "https://data.archives.haute-garonne.fr/evenement/5989db69-e580-11f0-92f7-5405db5be75a", "@type": "rico:Event", "rico:hasEventType": {"@id": "type:famen"}, "rico:hasOrHadLocation": "{}"}, {"@id": "https://data.archives.haute-garonne.fr/evenement/5989db69-e580-11f0-92f7-5405db5be75a", "@type": "rico:Event", "rico:hasEventType": {"@id": "type:favce"}, "rico:hasOrHadLocation": "{}"}, {"@id": "https://data.archives.haute-garonne.fr/evenement/5989db69-e580-11f0-92f7-5405db5be75a", "@type": "rico:Event", "rico:hasEventType": {"@id": "type:faeau"}, "rico:hasOrHadLocation": "{}"}, {"@id": "https://data.archives.haute-garonne.fr/evenement/5989db69-e580-11f0-92f7-5405db5be75a", "@type": "rico:Event", "rico:hasEventType": {"@id": "type:pccri"}, "rico:hasOrHadLocation": "{}"}], "rico:hasOrHadSubevent": "??", "rico:isAssociatedWithEvent": "???", "rico:hasOrHadParticipant": [{"@id": "https://data.archives.haute-garonne.fr/agent/597b0fa2-e580-11f0-8516-5405db5be75a", "@type": "rico:Person", "rico:name": {"@value": "Boutter, Agnan", "@language": "fr"}, "rico:hasOrHadOccupationOfType": {"@id": "type:prnon"}, "rico:hasOrHadDemographicGroup": {"@id": "type:sxhom"}}, {"@id": "https://data.archives.haute-garonne.fr/agent/597b0fa3-e580-11f0-9979-5405db5be75a", "@type": "rico:Person", "rico:name": {"@value": "Devic, Paul", "@language": "fr"}, "rico:hasOrHadOccupationOfType": {"@id": "type:prnon"}, "rico:hasOrHadDemographicGroup": {"@id": "type:sxhom"}}], "rico:hasBeginningDate": {"@id": "https://data.archives.haute-garonne.fr/evenement/5970709b-e580-11f0-97e6-5405db5be75a#date-debut", "@type": "rico:Date", "rico:expressedDate": {"@value": "1788", "@language": "fr"}, "rico:normalizedDateValue": {"@value": "1788", "@type": "http://www.w3.org/2001/XMLSchema#gYear"}}, "rico:hasEndDate": {"@id": "https://data.archives.haute-garonne.fr/evenement/5970709b-e580-11f0-97e6-5405db5be75a#date-fin", "@type": "rico:Date", "rico:expressedDate": {"value": "1788", "@language": "fr"}, "rico:normalizedDateValue": {"value": "1788", "@type": "http://www.w3.org/2001/XMLSchema#gYear"}}}}]