[{"@id": "https://data.archives.haute-garonne.fr/instanciation/5970224c-e580-11f0-929b-5405db5be75a#cote", "@type": "rico:Identifier", "rico:name": "3 B 575", "rico:hasIdentifierType": "type:ctact"}, {"@id": "https://data.archives.haute-garonne.fr/agent/59875314-e580-11f0-90f2-5405db5be75a", "@type": "rico:CorporateBody", "rico:name": {"@value": "France. Chambre mi-partie de Languedoc", "@language": "fr"}, "rico:hasOrHadLegalStatus": {"@id": "type:jucou"}, "rico:hasOrHadCorporateBodyType": {"@id": "type:cljur"}}, {"@id": "https://data.archives.haute-garonne.fr/instanciation/5970224c-e580-11f0-929b-5405db5be75a", "@type": "rico:Instantiation", "rico:name": "3 B 575", "rico:hasCarrierType": {"@id": "type:susac"}, "rico:physicalCharacteristicsNote": {"@value": "{}", "@language": "fr"}, "rico:structure": {"@value": "{}", "@language": "fr"}, "rico:hasOrHadIdentifier": [{"@id": "https://data.archives.haute-garonne.fr/instanciation/5970224c-e580-11f0-929b-5405db5be75a#cote"}], "rico:isOrWasInstantiationOf": {"@id": "{}"}, "rico:hasOrganicProvenance": [{"@id": "https://data.archives.haute-garonne.fr/agent/59875314-e580-11f0-90f2-5405db5be75a"}], "rico:documents": {"@id": "https://data.archives.haute-garonne.fr/instanciation/5970708e-e580-11f0-a5f7-5405db5be75a", "@type": "rico:Activity", "rico:name": {"@value": "Proc\u00e9dure devant la Chambre de l'Edit de Castres entre Jean Blanc et Jacques Mollin, Pierre Regnes, Paul Robert et Jeanne Baille pour un h\u00e9ritage.", "@language": "fr"}, "rico:resultsOrResultedFrom": [{"@id": "https://data.archives.haute-garonne.fr/evenement/5989db5c-e580-11f0-895e-5405db5be75a", "@type": "rico:Event", "rico:hasEventType": {"@id": "type:pcciv"}, "rico:hasOrHadLocation": "{}"}], "rico:hasOrHadSubevent": "??", "rico:isAssociatedWithEvent": "???", "rico:hasOrHadParticipant": [{"@id": "https://data.archives.haute-garonne.fr/agent/597ae8c7-e580-11f0-a42d-5405db5be75a", "@type": "rico:Person", "rico:name": {"@value": "Baille, Jeanne", "@language": "fr"}, "rico:hasOrHadOccupationOfType": {"@id": "type:prnon"}, "rico:hasOrHadDemographicGroup": {"@id": "type:sxfem"}}, {"@id": "https://data.archives.haute-garonne.fr/agent/597ae8c8-e580-11f0-8053-5405db5be75a", "@type": "rico:Person", "rico:name": {"@value": "Blanc, Jean (pr\u00eatre et prieur de Saint Martial et de la chappelle du point de Coux pr\u00e8s de Privas)", "@language": "fr"}, "rico:hasOrHadOccupationOfType": {"@id": "type:prrel"}, "rico:hasOrHadDemographicGroup": {"@id": "type:sxhom"}}, {"@id": "https://data.archives.haute-garonne.fr/agent/597ae8c9-e580-11f0-bf76-5405db5be75a", "@type": "rico:Person", "rico:name": {"@value": "Mollin, Jacques (recteur de cette chapelle)", "@language": "fr"}, "rico:hasOrHadOccupationOfType": {"@id": "type:prrel"}, "rico:hasOrHadDemographicGroup": {"@id": "type:sxhom"}}, {"@id": "https://data.archives.haute-garonne.fr/agent/597ae8ca-e580-11f0-8feb-5405db5be75a", "@type": "rico:Person", "rico:name": {"@value": "Regnes, Pierre", "@language": "fr"}, "rico:hasOrHadOccupationOfType": {"@id": "type:prnon"}, "rico:hasOrHadDemographicGroup": {"@id": "type:sxhom"}}, {"@id": "https://data.archives.haute-garonne.fr/agent/597ae8cb-e580-11f0-a6f7-5405db5be75a", "@type": "rico:Person", "rico:name": {"@value": "Robert, Paul", "@language": "fr"}, "rico:hasOrHadOccupationOfType": {"@id": "type:prnon"}, "rico:hasOrHadDemographicGroup": {"@id": "type:sxhom"}}], "rico:hasBeginningDate": {"@id": "https://data.archives.haute-garonne.fr/evenement/5970708e-e580-11f0-a5f7-5405db5be75a#date-debut", "@type": "rico:Date", "rico:expressedDate": {"@value": "1660", "@language": "fr"}, "rico:normalizedDateValue": {"@value": "1660", "@type": "http://www.w3.org/2001/XMLSchema#gYear"}}, "rico:hasEndDate": {"@id": "https://data.archives.haute-garonne.fr/evenement/5970708e-e580-11f0-a5f7-5405db5be75a#date-fin", "@type": "rico:Date", "rico:expressedDate": {"value": "1673", "@language": "fr"}, "rico:normalizedDateValue": {"value": "1673", "@type": "http://www.w3.org/2001/XMLSchema#gYear"}}}}]