[{"@id": "https://data.archives.haute-garonne.fr/instanciation/59702247-e580-11f0-ac98-5405db5be75a#cote", "@type": "rico:Identifier", "rico:name": "2 B 485", "rico:hasIdentifierType": "type:ctact"}, {"@id": "https://data.archives.haute-garonne.fr/agent/59872c3a-e580-11f0-936a-5405db5be75a", "@type": "rico:CorporateBody", "rico:name": {"@value": "Rieupeyroux. Justice seigneuriale (Rieupeyroux, Aveyron, France)", "@language": "fr"}, "rico:hasOrHadCorporateBodyType": {"@id": "type:cljur"}}, {"@id": "https://data.archives.haute-garonne.fr/instanciation/59702247-e580-11f0-ac98-5405db5be75a", "@type": "rico:Instantiation", "rico:name": "2 B 485", "rico:hasCarrierType": {"@id": "type:susac"}, "rico:physicalCharacteristicsNote": {"@value": "{}", "@language": "fr"}, "rico:structure": {"@value": "{}", "@language": "fr"}, "rico:hasOrHadIdentifier": [{"@id": "https://data.archives.haute-garonne.fr/instanciation/59702247-e580-11f0-ac98-5405db5be75a#cote"}], "rico:isOrWasInstantiationOf": {"@id": "{}"}, "rico:hasOrganicProvenance": [{"@id": "https://data.archives.haute-garonne.fr/agent/59872c3a-e580-11f0-936a-5405db5be75a"}], "rico:documents": {"@id": "https://data.archives.haute-garonne.fr/instanciation/59707089-e580-11f0-ab0d-5405db5be75a", "@type": "rico:Activity", "rico:name": {"@value": "Fraude d\u00eeme.", "@language": "fr"}, "rico:resultsOrResultedFrom": [{"@id": "https://data.archives.haute-garonne.fr/evenement/5989b290-e580-11f0-9910-5405db5be75a", "@type": "rico:Event", "rico:hasEventType": {"@id": "type:pcciv"}, "rico:hasOrHadLocation": "{}"}, {"@id": "https://data.archives.haute-garonne.fr/evenement/5989b290-e580-11f0-9910-5405db5be75a", "@type": "rico:Event", "rico:hasOrHadLocation": "{}"}], "rico:hasOrHadSubevent": "??", "rico:isAssociatedWithEvent": "???", "rico:hasOrHadParticipant": [{"@id": "https://data.archives.haute-garonne.fr/agent/597ac180-e580-11f0-823f-5405db5be75a", "@type": "rico:Person", "rico:name": {"@value": "Bajol, Jean (charpentier)", "@language": "fr"}, "rico:hasOrHadOccupationOfType": {"@id": "type:prarn"}, "rico:hasOrHadDemographicGroup": {"@id": "type:sxhom"}}, {"@id": "https://data.archives.haute-garonne.fr/agent/597ac181-e580-11f0-a28c-5405db5be75a", "@type": "rico:Person", "rico:name": {"@value": "Fresals, Victor de (conseiller, seigneur de Rieupeyroux)", "@language": "fr"}, "rico:hasOrHadOccupationOfType": {"@id": null}, "rico:hasOrHadDemographicGroup": {"@id": "type:sxhom"}}], "rico:hasBeginningDate": {"@id": "https://data.archives.haute-garonne.fr/evenement/59707089-e580-11f0-ab0d-5405db5be75a#date-debut", "@type": "rico:Date", "rico:expressedDate": {"@value": "1667", "@language": "fr"}, "rico:normalizedDateValue": {"@value": "1667", "@type": "http://www.w3.org/2001/XMLSchema#gYear"}}, "rico:hasEndDate": {"@id": "https://data.archives.haute-garonne.fr/evenement/59707089-e580-11f0-ab0d-5405db5be75a#date-fin", "@type": "rico:Date", "rico:expressedDate": {"value": "1667", "@language": "fr"}, "rico:normalizedDateValue": {"value": "1667", "@type": "http://www.w3.org/2001/XMLSchema#gYear"}}}}]