[{"@id": "https://data.archives.haute-garonne.fr/instanciation/5970497f-e580-11f0-9dd2-5405db5be75a#cote", "@type": "rico:Identifier", "rico:name": "2 B 13291", "rico:hasIdentifierType": "type:ctact"}, {"@id": "https://data.archives.haute-garonne.fr/instanciation/5970497f-e580-11f0-9dd2-5405db5be75a#castan29", "@type": "rico:Identifier", "rico:name": "6032", "rico:hasIdentifierType": "type:ctcas"}, {"@id": "https://data.archives.haute-garonne.fr/agent/5987532a-e580-11f0-bf49-5405db5be75a", "@type": "rico:CorporateBody", "rico:name": {"@value": "Montamat. Justice seigneuriale (Montamat, Gers, France)", "@language": "fr"}, "rico:hasOrHadCorporateBodyType": {"@id": "type:cljur"}}, {"@id": "https://data.archives.haute-garonne.fr/instanciation/5970497f-e580-11f0-9dd2-5405db5be75a", "@type": "rico:Instantiation", "rico:name": "2 B 13291", "rico:hasCarrierType": {"@id": "type:susac"}, "rico:physicalCharacteristicsNote": {"@value": "{}", "@language": "fr"}, "rico:structure": {"@value": "{}", "@language": "fr"}, "rico:hasOrHadIdentifier": [{"@id": "https://data.archives.haute-garonne.fr/instanciation/5970497f-e580-11f0-9dd2-5405db5be75a#cote"}, {"@id": {"@id": "https://data.archives.haute-garonne.fr/instanciation/5970497f-e580-11f0-9dd2-5405db5be75a#castan29"}}], "rico:isOrWasInstantiationOf": {"@id": "{}"}, "rico:hasOrganicProvenance": [{"@id": "https://data.archives.haute-garonne.fr/agent/5987532a-e580-11f0-bf49-5405db5be75a"}], "rico:documents": {"@id": "https://data.archives.haute-garonne.fr/instanciation/597070a4-e580-11f0-a0e1-5405db5be75a", "@type": "rico:Activity", "rico:name": {"@value": "Proc\u00e9dure de la justice seigneuriale de Montamat entre Catherine Menier et Gabrielle Lezat pour viol de propi\u00e9t\u00e9, injure orale et vol.", "@language": "fr"}, "rico:resultsOrResultedFrom": [{"@id": "https://data.archives.haute-garonne.fr/evenement/5989db72-e580-11f0-a1c4-5405db5be75a", "@type": "rico:Event", "rico:hasEventType": {"@id": "type:favpr"}, "rico:hasOrHadLocation": "{}"}, {"@id": "https://data.archives.haute-garonne.fr/evenement/5989db72-e580-11f0-a1c4-5405db5be75a", "@type": "rico:Event", "rico:hasEventType": {"@id": "type:faora"}, "rico:hasOrHadLocation": "{}"}, {"@id": "https://data.archives.haute-garonne.fr/evenement/5989db72-e580-11f0-a1c4-5405db5be75a", "@type": "rico:Event", "rico:hasEventType": {"@id": "type:favol"}, "rico:hasOrHadLocation": "{}"}, {"@id": "https://data.archives.haute-garonne.fr/evenement/5989db72-e580-11f0-a1c4-5405db5be75a", "@type": "rico:Event", "rico:hasEventType": {"@id": "type:pccri"}, "rico:hasOrHadLocation": "{}"}], "rico:hasOrHadSubevent": "??", "rico:isAssociatedWithEvent": "???", "rico:hasOrHadParticipant": [{"@id": "https://data.archives.haute-garonne.fr/agent/597b36b8-e580-11f0-a11d-5405db5be75a", "@type": "rico:Person", "rico:name": {"@value": "Lezat, Gabrielle", "@language": "fr"}, "rico:hasOrHadOccupationOfType": {"@id": "type:prnon"}, "rico:hasOrHadDemographicGroup": {"@id": "type:sxfem"}}, {"@id": "https://data.archives.haute-garonne.fr/agent/597b36b9-e580-11f0-85fc-5405db5be75a", "@type": "rico:Person", "rico:name": {"@value": "Menier, Catherine", "@language": "fr"}, "rico:hasOrHadOccupationOfType": {"@id": "type:prnon"}, "rico:hasOrHadDemographicGroup": {"@id": "type:sxfem"}}], "rico:hasBeginningDate": {"@id": "https://data.archives.haute-garonne.fr/evenement/597070a4-e580-11f0-a0e1-5405db5be75a#date-debut", "@type": "rico:Date", "rico:expressedDate": {"@value": "1788", "@language": "fr"}, "rico:normalizedDateValue": {"@value": "1788", "@type": "http://www.w3.org/2001/XMLSchema#gYear"}}, "rico:hasEndDate": {"@id": "https://data.archives.haute-garonne.fr/evenement/597070a4-e580-11f0-a0e1-5405db5be75a#date-fin", "@type": "rico:Date", "rico:expressedDate": {"value": "1789", "@language": "fr"}, "rico:normalizedDateValue": {"value": "1789", "@type": "http://www.w3.org/2001/XMLSchema#gYear"}}}}]