[{"@id": "https://data.archives.haute-garonne.fr/instanciation/5970224d-e580-11f0-adcf-5405db5be75a#cote", "@type": "rico:Identifier", "rico:name": "3 B 577", "rico:hasIdentifierType": "type:ctact"}, {"@id": "https://data.archives.haute-garonne.fr/agent/59875315-e580-11f0-802f-5405db5be75a", "@type": "rico:CorporateBody", "rico:name": {"@value": "France. Chambre mi-partie de Languedoc", "@language": "fr"}, "rico:hasOrHadLegalStatus": {"@id": "type:jucou"}, "rico:hasOrHadCorporateBodyType": {"@id": "type:cljur"}}, {"@id": "https://data.archives.haute-garonne.fr/instanciation/5970224d-e580-11f0-adcf-5405db5be75a", "@type": "rico:Instantiation", "rico:name": "3 B 577", "rico:hasCarrierType": {"@id": "type:susac"}, "rico:physicalCharacteristicsNote": {"@value": "{}", "@language": "fr"}, "rico:structure": {"@value": "{}", "@language": "fr"}, "rico:hasOrHadIdentifier": [{"@id": "https://data.archives.haute-garonne.fr/instanciation/5970224d-e580-11f0-adcf-5405db5be75a#cote"}], "rico:isOrWasInstantiationOf": {"@id": "{}"}, "rico:hasOrganicProvenance": [{"@id": "https://data.archives.haute-garonne.fr/agent/59875315-e580-11f0-802f-5405db5be75a"}], "rico:documents": {"@id": "https://data.archives.haute-garonne.fr/instanciation/5970708f-e580-11f0-815e-5405db5be75a", "@type": "rico:Activity", "rico:name": {"@value": "Proc\u00e9dure devant la chambre de l'\u00c9dit de Castres entre Charles Audemard, bailli de Langlade, sur la requ\u00eate des habitants du lieu, et Daniel Quenos, ministre de la religion pr\u00e9tendue r\u00e9form\u00e9e, pour abus de pouvoir et subornation de t\u00e9moins.", "@language": "fr"}, "rico:resultsOrResultedFrom": [{"@id": "https://data.archives.haute-garonne.fr/evenement/5989db5d-e580-11f0-9371-5405db5be75a", "@type": "rico:Event", "rico:hasEventType": {"@id": "type:fasub"}, "rico:hasOrHadLocation": "{}"}, {"@id": "https://data.archives.haute-garonne.fr/evenement/5989db5d-e580-11f0-9371-5405db5be75a", "@type": "rico:Event", "rico:hasEventType": {"@id": "type:faabu"}, "rico:hasOrHadLocation": "{}"}, {"@id": "https://data.archives.haute-garonne.fr/evenement/5989db5d-e580-11f0-9371-5405db5be75a", "@type": "rico:Event", "rico:hasEventType": {"@id": "type:pccri"}, "rico:hasOrHadLocation": "{}"}], "rico:hasOrHadSubevent": "??", "rico:isAssociatedWithEvent": "???", "rico:hasOrHadParticipant": [{"@id": "https://data.archives.haute-garonne.fr/agent/597ae8cc-e580-11f0-ad7a-5405db5be75a", "@type": "rico:Person", "rico:name": {"@value": "Quenos, Daniel (ministre protestant)", "@language": "fr"}, "rico:hasOrHadOccupationOfType": {"@id": "type:prrel"}, "rico:hasOrHadDemographicGroup": {"@id": "type:sxhom"}}, {"@id": "https://data.archives.haute-garonne.fr/agent/597ae8cd-e580-11f0-a07d-5405db5be75a", "@type": "rico:Person", "rico:name": {"@value": "Audemard, Charles (bailli de Langlade)", "@language": "fr"}, "rico:hasOrHadOccupationOfType": {"@id": "type:prjur"}, "rico:hasOrHadDemographicGroup": {"@id": "type:sxhom"}}, {"@id": "https://data.archives.haute-garonne.fr/agent/598417c3-e580-11f0-9847-5405db5be75a", "@type": "rico:CorporateBody", "rico:name": {"@value": "Langlade (communaut\u00e9 d'habitants ; Gard, France)", "@language": "fr"}, "rico:hasOrHadCorporateBodyType": {"@id": "type:clhab"}, "rico:agentHasOrHadLocation": {"@id": "{}"}}], "rico:hasBeginningDate": {"@id": "https://data.archives.haute-garonne.fr/evenement/5970708f-e580-11f0-815e-5405db5be75a#date-debut", "@type": "rico:Date", "rico:expressedDate": {"@value": "1675", "@language": "fr"}, "rico:normalizedDateValue": {"@value": "1675", "@type": "http://www.w3.org/2001/XMLSchema#gYear"}}, "rico:hasEndDate": {"@id": "https://data.archives.haute-garonne.fr/evenement/5970708f-e580-11f0-815e-5405db5be75a#date-fin", "@type": "rico:Date", "rico:expressedDate": {"value": "1676", "@language": "fr"}, "rico:normalizedDateValue": {"value": "1676", "@type": "http://www.w3.org/2001/XMLSchema#gYear"}}}}]