[{"@id": "https://data.archives.haute-garonne.fr/instanciation/59704977-e580-11f0-a76f-5405db5be75a#cote", "@type": "rico:Identifier", "rico:name": "2 B 13282", "rico:hasIdentifierType": "type:ctact"}, {"@id": "https://data.archives.haute-garonne.fr/instanciation/59704977-e580-11f0-a76f-5405db5be75a#castan21", "@type": "rico:Identifier", "rico:name": "6142", "rico:hasIdentifierType": "type:ctcas"}, {"@id": "https://data.archives.haute-garonne.fr/agent/59875322-e580-11f0-abe5-5405db5be75a", "@type": "rico:CorporateBody", "rico:name": {"@value": "France. S\u00e9n\u00e9chauss\u00e9e de Castelnaudary", "@language": "fr"}, "rico:hasOrHadLegalStatus": {"@id": "type:jusen"}, "rico:hasOrHadCorporateBodyType": {"@id": "type:cljur"}}, {"@id": "https://data.archives.haute-garonne.fr/instanciation/59704977-e580-11f0-a76f-5405db5be75a", "@type": "rico:Instantiation", "rico:name": "2 B 13282", "rico:hasCarrierType": {"@id": "type:susac"}, "rico:physicalCharacteristicsNote": {"@value": "{}", "@language": "fr"}, "rico:structure": {"@value": "{}", "@language": "fr"}, "rico:hasOrHadIdentifier": [{"@id": "https://data.archives.haute-garonne.fr/instanciation/59704977-e580-11f0-a76f-5405db5be75a#cote"}, {"@id": {"@id": "https://data.archives.haute-garonne.fr/instanciation/59704977-e580-11f0-a76f-5405db5be75a#castan21"}}], "rico:isOrWasInstantiationOf": {"@id": "{}"}, "rico:hasOrganicProvenance": [{"@id": "https://data.archives.haute-garonne.fr/agent/59875322-e580-11f0-abe5-5405db5be75a"}], "rico:documents": {"@id": "https://data.archives.haute-garonne.fr/instanciation/5970709c-e580-11f0-b6d4-5405db5be75a", "@type": "rico:Activity", "rico:name": {"@value": "Poc\u00e9dure du s\u00e9n\u00e8chal de Castelnaudary entre Pierre Gaston Dufresne, Jean Laurent, Colour, et Barrau pour banqueroute frauduleuse.", "@language": "fr"}, "rico:resultsOrResultedFrom": [{"@id": "https://data.archives.haute-garonne.fr/evenement/5989db6a-e580-11f0-8078-5405db5be75a", "@type": "rico:Event", "rico:hasEventType": {"@id": "type:faban"}, "rico:hasOrHadLocation": "{}"}, {"@id": "https://data.archives.haute-garonne.fr/evenement/5989db6a-e580-11f0-8078-5405db5be75a", "@type": "rico:Event", "rico:hasEventType": {"@id": "type:pccri"}, "rico:hasOrHadLocation": "{}"}], "rico:hasOrHadSubevent": "??", "rico:isAssociatedWithEvent": "???", "rico:hasOrHadParticipant": [{"@id": "https://data.archives.haute-garonne.fr/agent/597b0fa4-e580-11f0-a318-5405db5be75a", "@type": "rico:Person", "rico:name": {"@value": "Barrau", "@language": "fr"}, "rico:hasOrHadOccupationOfType": {"@id": "type:prnon"}, "rico:hasOrHadDemographicGroup": {"@id": "type:sxind"}}, {"@id": "https://data.archives.haute-garonne.fr/agent/597b0fa5-e580-11f0-95ed-5405db5be75a", "@type": "rico:Person", "rico:name": {"@value": "Colour", "@language": "fr"}, "rico:hasOrHadOccupationOfType": {"@id": "type:prnon"}, "rico:hasOrHadDemographicGroup": {"@id": "type:sxind"}}, {"@id": "https://data.archives.haute-garonne.fr/agent/597b0fa6-e580-11f0-8549-5405db5be75a", "@type": "rico:Person", "rico:name": {"@value": "Dufresne, Pierre Gaston", "@language": "fr"}, "rico:hasOrHadOccupationOfType": {"@id": "type:prnon"}, "rico:hasOrHadDemographicGroup": {"@id": "type:sxhom"}}, {"@id": "https://data.archives.haute-garonne.fr/agent/597b0fa7-e580-11f0-938c-5405db5be75a", "@type": "rico:Person", "rico:name": {"@value": "Laurent, Jean", "@language": "fr"}, "rico:hasOrHadOccupationOfType": {"@id": "type:prnon"}, "rico:hasOrHadDemographicGroup": {"@id": "type:sxhom"}}], "rico:hasBeginningDate": {"@id": "https://data.archives.haute-garonne.fr/evenement/5970709c-e580-11f0-b6d4-5405db5be75a#date-debut", "@type": "rico:Date", "rico:expressedDate": {"@value": "1786", "@language": "fr"}, "rico:normalizedDateValue": {"@value": "1786", "@type": "http://www.w3.org/2001/XMLSchema#gYear"}}, "rico:hasEndDate": {"@id": "https://data.archives.haute-garonne.fr/evenement/5970709c-e580-11f0-b6d4-5405db5be75a#date-fin", "@type": "rico:Date", "rico:expressedDate": {"value": "1788", "@language": "fr"}, "rico:normalizedDateValue": {"value": "1788", "@type": "http://www.w3.org/2001/XMLSchema#gYear"}}}}]