[{"@id": "https://data.archives.haute-garonne.fr/instanciation/5970224f-e580-11f0-bc70-5405db5be75a#cote", "@type": "rico:Identifier", "rico:name": "3 B 579", "rico:hasIdentifierType": "type:ctact"}, {"@id": "https://data.archives.haute-garonne.fr/agent/59875317-e580-11f0-8671-5405db5be75a", "@type": "rico:CorporateBody", "rico:name": {"@value": "France. Chambre mi-partie de Languedoc", "@language": "fr"}, "rico:hasOrHadLegalStatus": {"@id": "type:jucou"}, "rico:hasOrHadCorporateBodyType": {"@id": "type:cljur"}}, {"@id": "https://data.archives.haute-garonne.fr/instanciation/5970224f-e580-11f0-bc70-5405db5be75a", "@type": "rico:Instantiation", "rico:name": "3 B 579", "rico:hasCarrierType": {"@id": "type:susac"}, "rico:physicalCharacteristicsNote": {"@value": "{}", "@language": "fr"}, "rico:structure": {"@value": "{}", "@language": "fr"}, "rico:hasOrHadIdentifier": [{"@id": "https://data.archives.haute-garonne.fr/instanciation/5970224f-e580-11f0-bc70-5405db5be75a#cote"}], "rico:isOrWasInstantiationOf": {"@id": "{}"}, "rico:hasOrganicProvenance": [{"@id": "https://data.archives.haute-garonne.fr/agent/59875317-e580-11f0-8671-5405db5be75a"}], "rico:documents": {"@id": "https://data.archives.haute-garonne.fr/instanciation/59707091-e580-11f0-ae3c-5405db5be75a", "@type": "rico:Activity", "rico:name": {"@value": "Proc\u00e9dure devant la chambre de l'\u00c9dit de Castres entre Isabeau de Pegorier et Pierre Roudans, marchand de Caussade, mari\u00e9s, d'une part, Jean Roudans, marchand, d'autre part, pour dette.", "@language": "fr"}, "rico:resultsOrResultedFrom": [{"@id": "https://data.archives.haute-garonne.fr/evenement/5989db5f-e580-11f0-9a47-5405db5be75a", "@type": "rico:Event", "rico:hasEventType": {"@id": "type:fadet"}, "rico:hasOrHadLocation": "{}"}, {"@id": "https://data.archives.haute-garonne.fr/evenement/5989db5f-e580-11f0-9a47-5405db5be75a", "@type": "rico:Event", "rico:hasEventType": {"@id": "type:pcciv"}, "rico:hasOrHadLocation": "{}"}], "rico:hasOrHadSubevent": "??", "rico:isAssociatedWithEvent": "???", "rico:hasOrHadParticipant": [{"@id": "https://data.archives.haute-garonne.fr/agent/597ae8d0-e580-11f0-87f6-5405db5be75a", "@type": "rico:Person", "rico:name": {"@value": "Roudans, Pierre (marchand)", "@language": "fr"}, "rico:hasOrHadOccupationOfType": {"@id": "type:prmar"}, "rico:hasOrHadDemographicGroup": {"@id": "type:sxhom"}}, {"@id": "https://data.archives.haute-garonne.fr/agent/597ae8d1-e580-11f0-96b9-5405db5be75a", "@type": "rico:Person", "rico:name": {"@value": "Roudans, Jean (marchand)", "@language": "fr"}, "rico:hasOrHadOccupationOfType": {"@id": "type:prmar"}, "rico:hasOrHadDemographicGroup": {"@id": "type:sxhom"}}, {"@id": "https://data.archives.haute-garonne.fr/agent/597ae8d2-e580-11f0-b2b7-5405db5be75a", "@type": "rico:Person", "rico:name": {"@value": "Pegorier, Isabeau de", "@language": "fr"}, "rico:hasOrHadOccupationOfType": {"@id": "type:prnon"}, "rico:hasOrHadDemographicGroup": {"@id": "type:sxfem"}}], "rico:hasBeginningDate": {"@id": "https://data.archives.haute-garonne.fr/evenement/59707091-e580-11f0-ae3c-5405db5be75a#date-debut", "@type": "rico:Date", "rico:expressedDate": {"@value": "1639", "@language": "fr"}, "rico:normalizedDateValue": {"@value": "1639", "@type": "http://www.w3.org/2001/XMLSchema#gYear"}}, "rico:hasEndDate": {"@id": "https://data.archives.haute-garonne.fr/evenement/59707091-e580-11f0-ae3c-5405db5be75a#date-fin", "@type": "rico:Date", "rico:expressedDate": {"value": "1639", "@language": "fr"}, "rico:normalizedDateValue": {"value": "1639", "@type": "http://www.w3.org/2001/XMLSchema#gYear"}}}}]