[{"@id": "https://data.archives.haute-garonne.fr/instanciation/5970497e-e580-11f0-9f1f-5405db5be75a#cote", "@type": "rico:Identifier", "rico:name": "2 B 13290", "rico:hasIdentifierType": "type:ctact"}, {"@id": "https://data.archives.haute-garonne.fr/instanciation/5970497e-e580-11f0-9f1f-5405db5be75a#castan28", "@type": "rico:Identifier", "rico:name": "6375", "rico:hasIdentifierType": "type:ctcas"}, {"@id": "https://data.archives.haute-garonne.fr/agent/59875329-e580-11f0-b64e-5405db5be75a", "@type": "rico:CorporateBody", "rico:name": {"@value": "France. Parlement de Toulouse", "@language": "fr"}, "rico:hasOrHadLegalStatus": {"@id": "type:jucou"}, "rico:hasOrHadCorporateBodyType": {"@id": "type:cljur"}}, {"@id": "https://data.archives.haute-garonne.fr/instanciation/5970497e-e580-11f0-9f1f-5405db5be75a", "@type": "rico:Instantiation", "rico:name": "2 B 13290", "rico:hasCarrierType": {"@id": "type:susac"}, "rico:physicalCharacteristicsNote": {"@value": "{}", "@language": "fr"}, "rico:structure": {"@value": "{}", "@language": "fr"}, "rico:hasOrHadIdentifier": [{"@id": "https://data.archives.haute-garonne.fr/instanciation/5970497e-e580-11f0-9f1f-5405db5be75a#cote"}, {"@id": {"@id": "https://data.archives.haute-garonne.fr/instanciation/5970497e-e580-11f0-9f1f-5405db5be75a#castan28"}}], "rico:isOrWasInstantiationOf": {"@id": "{}"}, "rico:hasOrganicProvenance": [{"@id": "https://data.archives.haute-garonne.fr/agent/59875329-e580-11f0-b64e-5405db5be75a"}], "rico:documents": {"@id": "https://data.archives.haute-garonne.fr/instanciation/597070a3-e580-11f0-9e37-5405db5be75a", "@type": "rico:Activity", "rico:name": {"@value": "Proc\u00e9dure du parlement de Toulouse entre Jeanne Baron, Roze Paillat, Doumengete et Rey pour injures orales et diffamation.", "@language": "fr"}, "rico:resultsOrResultedFrom": [{"@id": "https://data.archives.haute-garonne.fr/evenement/5989db71-e580-11f0-8990-5405db5be75a", "@type": "rico:Event", "rico:hasEventType": {"@id": "type:faora"}, "rico:hasOrHadLocation": "{}"}, {"@id": "https://data.archives.haute-garonne.fr/evenement/5989db71-e580-11f0-8990-5405db5be75a", "@type": "rico:Event", "rico:hasEventType": {"@id": "type:fadif"}, "rico:hasOrHadLocation": "{}"}, {"@id": "https://data.archives.haute-garonne.fr/evenement/5989db71-e580-11f0-8990-5405db5be75a", "@type": "rico:Event", "rico:hasEventType": {"@id": "type:fapro"}, "rico:hasOrHadLocation": "{}"}, {"@id": "https://data.archives.haute-garonne.fr/evenement/5989db71-e580-11f0-8990-5405db5be75a", "@type": "rico:Event", "rico:hasEventType": {"@id": "type:famaq"}, "rico:hasOrHadLocation": "{}"}, {"@id": "https://data.archives.haute-garonne.fr/evenement/5989db71-e580-11f0-8990-5405db5be75a", "@type": "rico:Event", "rico:hasEventType": {"@id": "type:pccri"}, "rico:hasOrHadLocation": "{}"}], "rico:hasOrHadSubevent": "??", "rico:isAssociatedWithEvent": "???", "rico:hasOrHadParticipant": [{"@id": "https://data.archives.haute-garonne.fr/agent/597b36b4-e580-11f0-905a-5405db5be75a", "@type": "rico:Person", "rico:name": {"@value": "Baron, Jeanne", "@language": "fr"}, "rico:hasOrHadOccupationOfType": {"@id": "type:prnon"}, "rico:hasOrHadDemographicGroup": {"@id": "type:sxfem"}}, {"@id": "https://data.archives.haute-garonne.fr/agent/597b36b5-e580-11f0-9427-5405db5be75a", "@type": "rico:Person", "rico:name": {"@value": "Paillat, Doumengete", "@language": "fr"}, "rico:hasOrHadOccupationOfType": {"@id": "type:prnon"}, "rico:hasOrHadDemographicGroup": {"@id": "type:sxfem"}}, {"@id": "https://data.archives.haute-garonne.fr/agent/597b36b6-e580-11f0-b634-5405db5be75a", "@type": "rico:Person", "rico:name": {"@value": "Paillat, Roze", "@language": "fr"}, "rico:hasOrHadOccupationOfType": {"@id": "type:prnon"}, "rico:hasOrHadDemographicGroup": {"@id": "type:sxfem"}}, {"@id": "https://data.archives.haute-garonne.fr/agent/597b36b7-e580-11f0-b391-5405db5be75a", "@type": "rico:Person", "rico:name": {"@value": "Rey", "@language": "fr"}, "rico:hasOrHadOccupationOfType": {"@id": "type:prnon"}, "rico:hasOrHadDemographicGroup": {"@id": "type:sxind"}}], "rico:hasBeginningDate": {"@id": "https://data.archives.haute-garonne.fr/evenement/597070a3-e580-11f0-9e37-5405db5be75a#date-debut", "@type": "rico:Date", "rico:expressedDate": {"@value": "1789", "@language": "fr"}, "rico:normalizedDateValue": {"@value": "1789", "@type": "http://www.w3.org/2001/XMLSchema#gYear"}}, "rico:hasEndDate": {"@id": "https://data.archives.haute-garonne.fr/evenement/597070a3-e580-11f0-9e37-5405db5be75a#date-fin", "@type": "rico:Date", "rico:expressedDate": {"value": "1789", "@language": "fr"}, "rico:normalizedDateValue": {"value": "1789", "@type": "http://www.w3.org/2001/XMLSchema#gYear"}}}}]