[{"@id": "https://data.archives.haute-garonne.fr/instanciation/5970224a-e580-11f0-b63b-5405db5be75a#cote", "@type": "rico:Identifier", "rico:name": "3 B 569", "rico:hasIdentifierType": "type:ctact"}, {"@id": "https://data.archives.haute-garonne.fr/agent/59872c3d-e580-11f0-90c4-5405db5be75a", "@type": "rico:CorporateBody", "rico:name": {"@value": "Consulat de Lavaur (communaut\u00e9 d'habitants ; Tarn, France). Justice municipale", "@language": "fr"}, "rico:hasOrHadCorporateBodyType": {"@id": "type:cljur"}}, {"@id": "https://data.archives.haute-garonne.fr/agent/5988f027-e580-11f0-8a1e-5405db5be75a", "@type": "rico:CorporateBody", "rico:name": {"@value": "France. Chambre mi-partie de Languedoc", "@language": "fr"}, "rico:hasOrHadLegalStatus": {"@id": "type:jucou"}, "rico:hasOrHadCorporateBodyType": {"@id": "type:cljur"}}, {"@id": "https://data.archives.haute-garonne.fr/instanciation/5970224a-e580-11f0-b63b-5405db5be75a", "@type": "rico:Instantiation", "rico:name": "3 B 569", "rico:hasCarrierType": {"@id": "type:susac"}, "rico:physicalCharacteristicsNote": {"@value": "{}", "@language": "fr"}, "rico:structure": {"@value": "{}", "@language": "fr"}, "rico:hasOrHadIdentifier": [{"@id": "https://data.archives.haute-garonne.fr/instanciation/5970224a-e580-11f0-b63b-5405db5be75a#cote"}], "rico:isOrWasInstantiationOf": {"@id": "{}"}, "rico:hasOrganicProvenance": [{"@id": "https://data.archives.haute-garonne.fr/agent/59872c3d-e580-11f0-90c4-5405db5be75a"}, {"@id": "https://data.archives.haute-garonne.fr/agent/5988f027-e580-11f0-8a1e-5405db5be75a"}], "rico:documents": {"@id": "https://data.archives.haute-garonne.fr/instanciation/5970708c-e580-11f0-991d-5405db5be75a", "@type": "rico:Activity", "rico:name": {"@value": "Information faite d'autorit\u00e9 de la chambre de l'Edit entre Jean Bourdoncle et Louis du Buisson pour r\u00e9bellion \u00e0 justice, coups et blessures et injures.", "@language": "fr"}, "rico:resultsOrResultedFrom": [{"@id": "https://data.archives.haute-garonne.fr/evenement/5989db5a-e580-11f0-88f8-5405db5be75a", "@type": "rico:Event", "rico:hasEventType": {"@id": "type:facou"}, "rico:hasOrHadLocation": "{}"}, {"@id": "https://data.archives.haute-garonne.fr/evenement/5989db5a-e580-11f0-88f8-5405db5be75a", "@type": "rico:Event", "rico:hasEventType": {"@id": "type:faora"}, "rico:hasOrHadLocation": "{}"}, {"@id": "https://data.archives.haute-garonne.fr/evenement/5989db5a-e580-11f0-88f8-5405db5be75a", "@type": "rico:Event", "rico:hasEventType": {"@id": "type:faprt"}, "rico:hasOrHadLocation": "{}"}, {"@id": "https://data.archives.haute-garonne.fr/evenement/5989db5a-e580-11f0-88f8-5405db5be75a", "@type": "rico:Event", "rico:hasOrHadLocation": "{}"}, {"@id": "https://data.archives.haute-garonne.fr/evenement/5989db5a-e580-11f0-88f8-5405db5be75a", "@type": "rico:Event", "rico:hasEventType": {"@id": "type:pccri"}, "rico:hasOrHadLocation": "{}"}], "rico:hasOrHadSubevent": "??", "rico:isAssociatedWithEvent": "???", "rico:hasOrHadParticipant": [{"@id": "https://data.archives.haute-garonne.fr/agent/597ac18e-e580-11f0-9e4c-5405db5be75a", "@type": "rico:Person", "rico:name": {"@value": "Bourdoncle, Jean", "@language": "fr"}, "rico:hasOrHadOccupationOfType": {"@id": "type:prnon"}, "rico:hasOrHadDemographicGroup": {"@id": "type:sxhom"}}, {"@id": "https://data.archives.haute-garonne.fr/agent/597ac18f-e580-11f0-8a60-5405db5be75a", "@type": "rico:Person", "rico:name": {"@value": "Buisson, Jean de (avocat)", "@language": "fr"}, "rico:hasOrHadOccupationOfType": {"@id": "type:prjur"}, "rico:hasOrHadDemographicGroup": {"@id": "type:sxhom"}}, {"@id": "https://data.archives.haute-garonne.fr/agent/597ac190-e580-11f0-aed7-5405db5be75a", "@type": "rico:Person", "rico:name": {"@value": "Garrigues, Ramond", "@language": "fr"}, "rico:hasOrHadOccupationOfType": {"@id": "type:prnon"}, "rico:hasOrHadDemographicGroup": {"@id": "type:sxhom"}}], "rico:hasBeginningDate": {"@id": "https://data.archives.haute-garonne.fr/evenement/5970708c-e580-11f0-991d-5405db5be75a#date-debut", "@type": "rico:Date", "rico:expressedDate": {"@value": "1627", "@language": "fr"}, "rico:normalizedDateValue": {"@value": "1627", "@type": "http://www.w3.org/2001/XMLSchema#gYear"}}, "rico:hasEndDate": {"@id": "https://data.archives.haute-garonne.fr/evenement/5970708c-e580-11f0-991d-5405db5be75a#date-fin", "@type": "rico:Date", "rico:expressedDate": {"value": "1627", "@language": "fr"}, "rico:normalizedDateValue": {"value": "1627", "@type": "http://www.w3.org/2001/XMLSchema#gYear"}}}}]