[{"@id": "https://data.archives.haute-garonne.fr/instanciation/59702254-e580-11f0-a05c-5405db5be75a#cote", "@type": "rico:Identifier", "rico:name": "2 B 13275", "rico:hasIdentifierType": "type:ctact"}, {"@id": "https://data.archives.haute-garonne.fr/instanciation/59702254-e580-11f0-a05c-5405db5be75a#castan14", "@type": "rico:Identifier", "rico:name": "6379", "rico:hasIdentifierType": "type:ctcas"}, {"@id": "https://data.archives.haute-garonne.fr/agent/5987531c-e580-11f0-8fec-5405db5be75a", "@type": "rico:CorporateBody", "rico:name": {"@value": "Saint-Puy. Justice royale inf\u00e9rieure (Saint-Puy, Gers, France)", "@language": "fr"}, "rico:hasOrHadCorporateBodyType": {"@id": "type:cljur"}}, {"@id": "https://data.archives.haute-garonne.fr/instanciation/59702254-e580-11f0-a05c-5405db5be75a", "@type": "rico:Instantiation", "rico:name": "2 B 13275", "rico:hasCarrierType": {"@id": "type:susac"}, "rico:physicalCharacteristicsNote": {"@value": "{}", "@language": "fr"}, "rico:structure": {"@value": "{}", "@language": "fr"}, "rico:hasOrHadIdentifier": [{"@id": "https://data.archives.haute-garonne.fr/instanciation/59702254-e580-11f0-a05c-5405db5be75a#cote"}, {"@id": {"@id": "https://data.archives.haute-garonne.fr/instanciation/59702254-e580-11f0-a05c-5405db5be75a#castan14"}}], "rico:isOrWasInstantiationOf": {"@id": "{}"}, "rico:hasOrganicProvenance": [{"@id": "https://data.archives.haute-garonne.fr/agent/5987531c-e580-11f0-8fec-5405db5be75a"}], "rico:documents": {"@id": "https://data.archives.haute-garonne.fr/instanciation/59707096-e580-11f0-9216-5405db5be75a", "@type": "rico:Activity", "rico:name": {"@value": "Proc\u00e9dure de la justice royale inf\u00e9rieure de Saint-Puy entre Arnaud Bodrier, Baptise Cailhau, Raymond Dubarry, Bernard Saint-Martin et Pierre Lardit pour violences, menaces et obstruction \u00e0 justice.", "@language": "fr"}, "rico:resultsOrResultedFrom": [{"@id": "https://data.archives.haute-garonne.fr/evenement/5989db64-e580-11f0-abe2-5405db5be75a", "@type": "rico:Event", "rico:hasEventType": {"@id": "type:favce"}, "rico:hasOrHadLocation": "{}"}, {"@id": "https://data.archives.haute-garonne.fr/evenement/5989db64-e580-11f0-abe2-5405db5be75a", "@type": "rico:Event", "rico:hasEventType": {"@id": "type:famen"}, "rico:hasOrHadLocation": "{}"}, {"@id": "https://data.archives.haute-garonne.fr/evenement/5989db64-e580-11f0-abe2-5405db5be75a", "@type": "rico:Event", "rico:hasEventType": {"@id": "type:faobs"}, "rico:hasOrHadLocation": "{}"}, {"@id": "https://data.archives.haute-garonne.fr/evenement/5989db64-e580-11f0-abe2-5405db5be75a", "@type": "rico:Event", "rico:hasEventType": {"@id": "type:pccri"}, "rico:hasOrHadLocation": "{}"}], "rico:hasOrHadSubevent": "??", "rico:isAssociatedWithEvent": "???", "rico:hasOrHadParticipant": [{"@id": "https://data.archives.haute-garonne.fr/agent/597ae8e0-e580-11f0-8e3d-5405db5be75a", "@type": "rico:Person", "rico:name": {"@value": "Bodrier, Arnaud", "@language": "fr"}, "rico:hasOrHadOccupationOfType": {"@id": "type:prnon"}, "rico:hasOrHadDemographicGroup": {"@id": "type:sxhom"}}, {"@id": "https://data.archives.haute-garonne.fr/agent/597ae8e1-e580-11f0-b9eb-5405db5be75a", "@type": "rico:Person", "rico:name": {"@value": "Cailhau, Baptiste", "@language": "fr"}, "rico:hasOrHadOccupationOfType": {"@id": "type:prnon"}, "rico:hasOrHadDemographicGroup": {"@id": "type:sxhom"}}, {"@id": "https://data.archives.haute-garonne.fr/agent/597ae8e2-e580-11f0-8227-5405db5be75a", "@type": "rico:Person", "rico:name": {"@value": "Dubarry, Raymond", "@language": "fr"}, "rico:hasOrHadOccupationOfType": {"@id": "type:prnon"}, "rico:hasOrHadDemographicGroup": {"@id": "type:sxhom"}}, {"@id": "https://data.archives.haute-garonne.fr/agent/597ae8e3-e580-11f0-b6f2-5405db5be75a", "@type": "rico:Person", "rico:name": {"@value": "Lardit, Pierre", "@language": "fr"}, "rico:hasOrHadOccupationOfType": {"@id": "type:prnon"}, "rico:hasOrHadDemographicGroup": {"@id": "type:sxhom"}}, {"@id": "https://data.archives.haute-garonne.fr/agent/597ae8e4-e580-11f0-bd4f-5405db5be75a", "@type": "rico:Person", "rico:name": {"@value": "Saint-martin, Bernard", "@language": "fr"}, "rico:hasOrHadOccupationOfType": {"@id": "type:prnon"}, "rico:hasOrHadDemographicGroup": {"@id": "type:sxhom"}}], "rico:hasBeginningDate": {"@id": "https://data.archives.haute-garonne.fr/evenement/59707096-e580-11f0-9216-5405db5be75a#date-debut", "@type": "rico:Date", "rico:expressedDate": {"@value": "1787", "@language": "fr"}, "rico:normalizedDateValue": {"@value": "1787", "@type": "http://www.w3.org/2001/XMLSchema#gYear"}}, "rico:hasEndDate": {"@id": "https://data.archives.haute-garonne.fr/evenement/59707096-e580-11f0-9216-5405db5be75a#date-fin", "@type": "rico:Date", "rico:expressedDate": {"value": "1789", "@language": "fr"}, "rico:normalizedDateValue": {"value": "1789", "@type": "http://www.w3.org/2001/XMLSchema#gYear"}}}}]