[{"@id": "https://data.archives.haute-garonne.fr/instanciation/59704979-e580-11f0-b0f3-5405db5be75a#cote", "@type": "rico:Identifier", "rico:name": "2 B 13285", "rico:hasIdentifierType": "type:ctact"}, {"@id": "https://data.archives.haute-garonne.fr/instanciation/59704979-e580-11f0-b0f3-5405db5be75a#castan23", "@type": "rico:Identifier", "rico:name": "6453", "rico:hasIdentifierType": "type:ctcas"}, {"@id": "https://data.archives.haute-garonne.fr/agent/59875324-e580-11f0-9e24-5405db5be75a", "@type": "rico:CorporateBody", "rico:name": {"@value": "France. S\u00e9n\u00e9chauss\u00e9e de Pamiers", "@language": "fr"}, "rico:hasOrHadLegalStatus": {"@id": "type:jusen"}, "rico:hasOrHadCorporateBodyType": {"@id": "type:cljur"}}, {"@id": "https://data.archives.haute-garonne.fr/instanciation/59704979-e580-11f0-b0f3-5405db5be75a", "@type": "rico:Instantiation", "rico:name": "2 B 13285", "rico:hasCarrierType": {"@id": "type:susac"}, "rico:physicalCharacteristicsNote": {"@value": "{}", "@language": "fr"}, "rico:structure": {"@value": "{}", "@language": "fr"}, "rico:hasOrHadIdentifier": [{"@id": "https://data.archives.haute-garonne.fr/instanciation/59704979-e580-11f0-b0f3-5405db5be75a#cote"}, {"@id": {"@id": "https://data.archives.haute-garonne.fr/instanciation/59704979-e580-11f0-b0f3-5405db5be75a#castan23"}}], "rico:isOrWasInstantiationOf": {"@id": "{}"}, "rico:hasOrganicProvenance": [{"@id": "https://data.archives.haute-garonne.fr/agent/59875324-e580-11f0-9e24-5405db5be75a"}], "rico:documents": {"@id": "https://data.archives.haute-garonne.fr/instanciation/5970709e-e580-11f0-bfa3-5405db5be75a", "@type": "rico:Activity", "rico:name": {"@value": "Proc\u00e9dure du s\u00e9n\u00e9chal de Pamier entre Jean Bertrand Coupete, Bernard Rougale, Jean Amilhat, Thomas Ruffie, Jean Denjean, Gaspard Bertrand Coupete, Francois Galy, Joackim Bertrand Nuzat, Jean Paul Rouzaud Geros et Jean Louis Denjean. Pour prevarication et abus de pouvoir.", "@language": "fr"}, "rico:resultsOrResultedFrom": [{"@id": "https://data.archives.haute-garonne.fr/evenement/5989db6c-e580-11f0-8e0b-5405db5be75a", "@type": "rico:Event", "rico:hasEventType": {"@id": "type:faabu"}, "rico:hasOrHadLocation": "{}"}, {"@id": "https://data.archives.haute-garonne.fr/evenement/5989db6c-e580-11f0-8e0b-5405db5be75a", "@type": "rico:Event", "rico:hasEventType": {"@id": "type:pccri"}, "rico:hasOrHadLocation": "{}"}, {"@id": "https://data.archives.haute-garonne.fr/evenement/5989db6c-e580-11f0-8e0b-5405db5be75a", "@type": "rico:Event", "rico:hasOrHadLocation": "{}"}], "rico:hasOrHadSubevent": "??", "rico:isAssociatedWithEvent": "???", "rico:hasOrHadParticipant": [{"@id": "https://data.archives.haute-garonne.fr/agent/597b0faa-e580-11f0-b303-5405db5be75a", "@type": "rico:Person", "rico:name": {"@value": "Amilhmat, Jean", "@language": "fr"}, "rico:hasOrHadOccupationOfType": {"@id": "type:prnon"}, "rico:hasOrHadDemographicGroup": {"@id": "type:sxhom"}}, {"@id": "https://data.archives.haute-garonne.fr/agent/597b0fab-e580-11f0-bda7-5405db5be75a", "@type": "rico:Person", "rico:name": {"@value": "Coupete, Gaspard-Bertrand", "@language": "fr"}, "rico:hasOrHadOccupationOfType": {"@id": "type:prnon"}, "rico:hasOrHadDemographicGroup": {"@id": "type:sxhom"}}, {"@id": "https://data.archives.haute-garonne.fr/agent/597b0fac-e580-11f0-8e25-5405db5be75a", "@type": "rico:Person", "rico:name": {"@value": "Coupete, Jean-Bertrand", "@language": "fr"}, "rico:hasOrHadOccupationOfType": {"@id": "type:prnon"}, "rico:hasOrHadDemographicGroup": {"@id": "type:sxhom"}}, {"@id": "https://data.archives.haute-garonne.fr/agent/597b0fad-e580-11f0-b485-5405db5be75a", "@type": "rico:Person", "rico:name": {"@value": "Denjean, Jean", "@language": "fr"}, "rico:hasOrHadOccupationOfType": {"@id": "type:prnon"}, "rico:hasOrHadDemographicGroup": {"@id": "type:sxhom"}}, {"@id": "https://data.archives.haute-garonne.fr/agent/597b0fae-e580-11f0-8001-5405db5be75a", "@type": "rico:Person", "rico:name": {"@value": "Denjean, Jean- Louis", "@language": "fr"}, "rico:hasOrHadOccupationOfType": {"@id": "type:prnon"}, "rico:hasOrHadDemographicGroup": {"@id": "type:sxhom"}}, {"@id": "https://data.archives.haute-garonne.fr/agent/597b0faf-e580-11f0-8500-5405db5be75a", "@type": "rico:Person", "rico:name": {"@value": "Galy, Fran\u00e7ois", "@language": "fr"}, "rico:hasOrHadOccupationOfType": {"@id": "type:prnon"}, "rico:hasOrHadDemographicGroup": {"@id": "type:sxhom"}}, {"@id": "https://data.archives.haute-garonne.fr/agent/597b0fb0-e580-11f0-8e96-5405db5be75a", "@type": "rico:Person", "rico:name": {"@value": "Nuzat, Jocelin- Bertrand", "@language": "fr"}, "rico:hasOrHadOccupationOfType": {"@id": "type:prnon"}, "rico:hasOrHadDemographicGroup": {"@id": "type:sxhom"}}, {"@id": "https://data.archives.haute-garonne.fr/agent/597b0fb1-e580-11f0-8121-5405db5be75a", "@type": "rico:Person", "rico:name": {"@value": "Rougale, Bernard", "@language": "fr"}, "rico:hasOrHadOccupationOfType": {"@id": "type:prnon"}, "rico:hasOrHadDemographicGroup": {"@id": "type:sxhom"}}, {"@id": "https://data.archives.haute-garonne.fr/agent/597b0fb2-e580-11f0-86f1-5405db5be75a", "@type": "rico:Person", "rico:name": {"@value": "Rouzaud Geros, Jean- Paul", "@language": "fr"}, "rico:hasOrHadOccupationOfType": {"@id": "type:prnon"}, "rico:hasOrHadDemographicGroup": {"@id": "type:sxhom"}}, {"@id": "https://data.archives.haute-garonne.fr/agent/597b0fb3-e580-11f0-9548-5405db5be75a", "@type": "rico:Person", "rico:name": {"@value": "Ruffie, Thomas", "@language": "fr"}, "rico:hasOrHadOccupationOfType": {"@id": "type:prnon"}, "rico:hasOrHadDemographicGroup": {"@id": "type:sxhom"}}], "rico:hasBeginningDate": {"@id": "https://data.archives.haute-garonne.fr/evenement/5970709e-e580-11f0-bfa3-5405db5be75a#date-debut", "@type": "rico:Date", "rico:expressedDate": {"@value": "1790", "@language": "fr"}, "rico:normalizedDateValue": {"@value": "1790", "@type": "http://www.w3.org/2001/XMLSchema#gYear"}}, "rico:hasEndDate": {"@id": "https://data.archives.haute-garonne.fr/evenement/5970709e-e580-11f0-bfa3-5405db5be75a#date-fin", "@type": "rico:Date", "rico:expressedDate": {"value": "1790", "@language": "fr"}, "rico:normalizedDateValue": {"value": "1790", "@type": "http://www.w3.org/2001/XMLSchema#gYear"}}}}]