[{"@id": "https://data.archives.haute-garonne.fr/instanciation/59702250-e580-11f0-8182-5405db5be75a#cote", "@type": "rico:Identifier", "rico:name": "2 B 13271", "rico:hasIdentifierType": "type:ctact"}, {"@id": "https://data.archives.haute-garonne.fr/instanciation/59702250-e580-11f0-8182-5405db5be75a#castan10", "@type": "rico:Identifier", "rico:name": "6176", "rico:hasIdentifierType": "type:ctcas"}, {"@id": "https://data.archives.haute-garonne.fr/agent/59875318-e580-11f0-b496-5405db5be75a", "@type": "rico:CorporateBody", "rico:name": {"@value": "France. S\u00e9n\u00e9chauss\u00e9e de Bigorre", "@language": "fr"}, "rico:hasOrHadLegalStatus": {"@id": "type:jusen"}, "rico:hasOrHadCorporateBodyType": {"@id": "type:cljur"}}, {"@id": "https://data.archives.haute-garonne.fr/instanciation/59702250-e580-11f0-8182-5405db5be75a", "@type": "rico:Instantiation", "rico:name": "2 B 13271", "rico:hasCarrierType": {"@id": "type:susac"}, "rico:physicalCharacteristicsNote": {"@value": "{}", "@language": "fr"}, "rico:structure": {"@value": "{}", "@language": "fr"}, "rico:hasOrHadIdentifier": [{"@id": "https://data.archives.haute-garonne.fr/instanciation/59702250-e580-11f0-8182-5405db5be75a#cote"}, {"@id": {"@id": "https://data.archives.haute-garonne.fr/instanciation/59702250-e580-11f0-8182-5405db5be75a#castan10"}}], "rico:isOrWasInstantiationOf": {"@id": "{}"}, "rico:hasOrganicProvenance": [{"@id": "https://data.archives.haute-garonne.fr/agent/59875318-e580-11f0-b496-5405db5be75a"}], "rico:documents": {"@id": "https://data.archives.haute-garonne.fr/instanciation/59707092-e580-11f0-a505-5405db5be75a", "@type": "rico:Activity", "rico:name": {"@value": "Proc\u00e9dure de la s\u00e9n\u00e9chauss\u00e9e de Bigorre entre Blaize Virelande, Jean Bertraix R\u00e9clorat, Jean Bertraix, Philippon et autres, Jean Ricaud, Pierre Ba\u00efse, Duviviers de Lorry, \u00e9v\u00e8que de Tarbes, De Campinac Archidiacre de Rustain et Clarens, cur\u00e9 de Castelbajac pour droit de l'\u00e9glise contest\u00e9.", "@language": "fr"}, "rico:resultsOrResultedFrom": [{"@id": "https://data.archives.haute-garonne.fr/evenement/5989db60-e580-11f0-b34b-5405db5be75a", "@type": "rico:Event", "rico:hasEventType": {"@id": "type:pccri"}, "rico:hasOrHadLocation": "{}"}, {"@id": "https://data.archives.haute-garonne.fr/evenement/5989db60-e580-11f0-b34b-5405db5be75a", "@type": "rico:Event", "rico:hasOrHadLocation": "{}"}], "rico:hasOrHadSubevent": "??", "rico:isAssociatedWithEvent": "???", "rico:hasOrHadParticipant": [{"@id": "https://data.archives.haute-garonne.fr/agent/597ae8d3-e580-11f0-b354-5405db5be75a", "@type": "rico:Person", "rico:name": {"@value": "Baise, Pierre", "@language": "fr"}, "rico:hasOrHadOccupationOfType": {"@id": "type:prnon"}, "rico:hasOrHadDemographicGroup": {"@id": "type:sxhom"}}, {"@id": "https://data.archives.haute-garonne.fr/agent/597ae8d4-e580-11f0-802e-5405db5be75a", "@type": "rico:Person", "rico:name": {"@value": "Bertraix Reclorat, Jean", "@language": "fr"}, "rico:hasOrHadOccupationOfType": {"@id": "type:prnon"}, "rico:hasOrHadDemographicGroup": {"@id": "type:sxhom"}}, {"@id": "https://data.archives.haute-garonne.fr/agent/597ae8d5-e580-11f0-b69f-5405db5be75a", "@type": "rico:Person", "rico:name": {"@value": "Clarens, (cur\u00e9 de Castelbajac)", "@language": "fr"}, "rico:hasOrHadOccupationOfType": {"@id": "type:prrel"}, "rico:hasOrHadDemographicGroup": {"@id": "type:sxhom"}}, {"@id": "https://data.archives.haute-garonne.fr/agent/597ae8d6-e580-11f0-a3c1-5405db5be75a", "@type": "rico:Person", "rico:name": {"@value": "de Campinac (archidiacre de Rustain)", "@language": "fr"}, "rico:hasOrHadOccupationOfType": {"@id": "type:prrel"}, "rico:hasOrHadDemographicGroup": {"@id": "type:sxhom"}}, {"@id": "https://data.archives.haute-garonne.fr/agent/597ae8d7-e580-11f0-8ed3-5405db5be75a", "@type": "rico:Person", "rico:name": {"@value": "Philipon", "@language": "fr"}, "rico:hasOrHadOccupationOfType": {"@id": "type:prnon"}, "rico:hasOrHadDemographicGroup": {"@id": "type:sxind"}}, {"@id": "https://data.archives.haute-garonne.fr/agent/597ae8d8-e580-11f0-b6a6-5405db5be75a", "@type": "rico:Person", "rico:name": {"@value": "Ricaud, Jean", "@language": "fr"}, "rico:hasOrHadOccupationOfType": {"@id": "type:prnon"}, "rico:hasOrHadDemographicGroup": {"@id": "type:sxhom"}}, {"@id": "https://data.archives.haute-garonne.fr/agent/597ae8d9-e580-11f0-b37e-5405db5be75a", "@type": "rico:Person", "rico:name": {"@value": "Virelande, Blaise", "@language": "fr"}, "rico:hasOrHadOccupationOfType": {"@id": "type:prnon"}, "rico:hasOrHadDemographicGroup": {"@id": "type:sxhom"}}, {"@id": "https://data.archives.haute-garonne.fr/agent/597ae8da-e580-11f0-b716-5405db5be75a", "@type": "rico:Person", "rico:name": {"@value": "Viviers de Lorry, Michel Fran\u00e7ois (\u00e9v\u00eaque de Tarbes)", "@language": "fr"}, "rico:hasOrHadOccupationOfType": {"@id": "type:prrel"}, "rico:hasOrHadDemographicGroup": {"@id": "type:sxhom"}}], "rico:hasBeginningDate": {"@id": "https://data.archives.haute-garonne.fr/evenement/59707092-e580-11f0-a505-5405db5be75a#date-debut", "@type": "rico:Date", "rico:expressedDate": {"@value": "1778", "@language": "fr"}, "rico:normalizedDateValue": {"@value": "1778", "@type": "http://www.w3.org/2001/XMLSchema#gYear"}}, "rico:hasEndDate": {"@id": "https://data.archives.haute-garonne.fr/evenement/59707092-e580-11f0-a505-5405db5be75a#date-fin", "@type": "rico:Date", "rico:expressedDate": {"value": "1788", "@language": "fr"}, "rico:normalizedDateValue": {"value": "1788", "@type": "http://www.w3.org/2001/XMLSchema#gYear"}}}}]