[{"@id": "https://data.archives.haute-garonne.fr/instanciation/5970224e-e580-11f0-a2c4-5405db5be75a#cote", "@type": "rico:Identifier", "rico:name": "3 B 578", "rico:hasIdentifierType": "type:ctact"}, {"@id": "https://data.archives.haute-garonne.fr/agent/59875316-e580-11f0-a39b-5405db5be75a", "@type": "rico:CorporateBody", "rico:name": {"@value": "France. Chambre mi-partie de Languedoc", "@language": "fr"}, "rico:hasOrHadLegalStatus": {"@id": "type:jucou"}, "rico:hasOrHadCorporateBodyType": {"@id": "type:cljur"}}, {"@id": "https://data.archives.haute-garonne.fr/instanciation/5970224e-e580-11f0-a2c4-5405db5be75a", "@type": "rico:Instantiation", "rico:name": "3 B 578", "rico:hasCarrierType": {"@id": "type:susac"}, "rico:physicalCharacteristicsNote": {"@value": "{}", "@language": "fr"}, "rico:structure": {"@value": "{}", "@language": "fr"}, "rico:hasOrHadIdentifier": [{"@id": "https://data.archives.haute-garonne.fr/instanciation/5970224e-e580-11f0-a2c4-5405db5be75a#cote"}], "rico:isOrWasInstantiationOf": {"@id": "{}"}, "rico:hasOrganicProvenance": [{"@id": "https://data.archives.haute-garonne.fr/agent/59875316-e580-11f0-a39b-5405db5be75a"}], "rico:documents": {"@id": "https://data.archives.haute-garonne.fr/instanciation/59707090-e580-11f0-ba21-5405db5be75a", "@type": "rico:Activity", "rico:name": {"@value": "Proc\u00e9dure devant la chambre de l'\u00c9dit de Castres entre Denise Fizelle, veuve de Loth Signier, fils, et Loth Signier, p\u00e8re, marchand tanneur, pour h\u00e9ritage et rupture de contrat.", "@language": "fr"}, "rico:resultsOrResultedFrom": [{"@id": "https://data.archives.haute-garonne.fr/evenement/5989db5e-e580-11f0-a557-5405db5be75a", "@type": "rico:Event", "rico:hasEventType": {"@id": "type:facnt"}, "rico:hasOrHadLocation": "{}"}, {"@id": "https://data.archives.haute-garonne.fr/evenement/5989db5e-e580-11f0-a557-5405db5be75a", "@type": "rico:Event", "rico:hasEventType": {"@id": "type:faher"}, "rico:hasOrHadLocation": "{}"}, {"@id": "https://data.archives.haute-garonne.fr/evenement/5989db5e-e580-11f0-a557-5405db5be75a", "@type": "rico:Event", "rico:hasEventType": {"@id": "type:pcciv"}, "rico:hasOrHadLocation": "{}"}], "rico:hasOrHadSubevent": "??", "rico:isAssociatedWithEvent": "???", "rico:hasOrHadParticipant": [{"@id": "https://data.archives.haute-garonne.fr/agent/597ae8ce-e580-11f0-be41-5405db5be75a", "@type": "rico:Person", "rico:name": {"@value": "Signier, Loth (marchand tanneur)", "@language": "fr"}, "rico:hasOrHadOccupationOfType": {"@id": "type:prmar"}, "rico:hasOrHadDemographicGroup": {"@id": "type:sxhom"}}, {"@id": "https://data.archives.haute-garonne.fr/agent/597ae8cf-e580-11f0-ad03-5405db5be75a", "@type": "rico:Person", "rico:name": {"@value": "Fizelle, Denise", "@language": "fr"}, "rico:hasOrHadOccupationOfType": {"@id": "type:prnon"}, "rico:hasOrHadDemographicGroup": {"@id": "type:sxfem"}}], "rico:hasBeginningDate": {"@id": "https://data.archives.haute-garonne.fr/evenement/59707090-e580-11f0-ba21-5405db5be75a#date-debut", "@type": "rico:Date", "rico:expressedDate": {"@value": "1661", "@language": "fr"}, "rico:normalizedDateValue": {"@value": "1661", "@type": "http://www.w3.org/2001/XMLSchema#gYear"}}, "rico:hasEndDate": {"@id": "https://data.archives.haute-garonne.fr/evenement/59707090-e580-11f0-ba21-5405db5be75a#date-fin", "@type": "rico:Date", "rico:expressedDate": {"value": "1669", "@language": "fr"}, "rico:normalizedDateValue": {"value": "1669", "@type": "http://www.w3.org/2001/XMLSchema#gYear"}}}}]