[{"@id": "https://data.archives.haute-garonne.fr/instanciation/59704984-e580-11f0-bb4a-5405db5be75a#cote", "@type": "rico:Identifier", "rico:name": "2 B 13296", "rico:hasIdentifierType": "type:ctact"}, {"@id": "https://data.archives.haute-garonne.fr/instanciation/59704984-e580-11f0-bb4a-5405db5be75a#castan34", "@type": "rico:Identifier", "rico:name": "6148", "rico:hasIdentifierType": "type:ctcas"}, {"@id": "https://data.archives.haute-garonne.fr/agent/5987532f-e580-11f0-ba91-5405db5be75a", "@type": "rico:CorporateBody", "rico:name": {"@value": "Roques. Justice seigneuriale (Roques, Haute-Garonne, France)", "@language": "fr"}, "rico:hasOrHadCorporateBodyType": {"@id": "type:cljur"}}, {"@id": "https://data.archives.haute-garonne.fr/instanciation/59704984-e580-11f0-bb4a-5405db5be75a", "@type": "rico:Instantiation", "rico:name": "2 B 13296", "rico:hasCarrierType": {"@id": "type:susac"}, "rico:physicalCharacteristicsNote": {"@value": "{}", "@language": "fr"}, "rico:structure": {"@value": "{}", "@language": "fr"}, "rico:hasOrHadIdentifier": [{"@id": "https://data.archives.haute-garonne.fr/instanciation/59704984-e580-11f0-bb4a-5405db5be75a#cote"}, {"@id": {"@id": "https://data.archives.haute-garonne.fr/instanciation/59704984-e580-11f0-bb4a-5405db5be75a#castan34"}}], "rico:isOrWasInstantiationOf": {"@id": "{}"}, "rico:hasOrganicProvenance": [{"@id": "https://data.archives.haute-garonne.fr/agent/5987532f-e580-11f0-ba91-5405db5be75a"}], "rico:documents": {"@id": "https://data.archives.haute-garonne.fr/instanciation/597070a9-e580-11f0-857c-5405db5be75a", "@type": "rico:Activity", "rico:name": {"@value": "Proc\u00e9dure de la justice seigneuriale de Roques entre Jacques Delluc, Bertrand Faure, Jean Cazet et Dominique Pantic pour injures orales.", "@language": "fr"}, "rico:resultsOrResultedFrom": [{"@id": "https://data.archives.haute-garonne.fr/evenement/5989db77-e580-11f0-b7fe-5405db5be75a", "@type": "rico:Event", "rico:hasEventType": {"@id": "type:faora"}, "rico:hasOrHadLocation": "{}"}, {"@id": "https://data.archives.haute-garonne.fr/evenement/5989db77-e580-11f0-b7fe-5405db5be75a", "@type": "rico:Event", "rico:hasEventType": {"@id": "type:pccri"}, "rico:hasOrHadLocation": "{}"}], "rico:hasOrHadSubevent": "??", "rico:isAssociatedWithEvent": "???", "rico:hasOrHadParticipant": [{"@id": "https://data.archives.haute-garonne.fr/agent/597b36c3-e580-11f0-96ad-5405db5be75a", "@type": "rico:Person", "rico:name": {"@value": "Cazet, Jean", "@language": "fr"}, "rico:hasOrHadOccupationOfType": {"@id": "type:prnon"}, "rico:hasOrHadDemographicGroup": {"@id": "type:sxhom"}}, {"@id": "https://data.archives.haute-garonne.fr/agent/597b36c4-e580-11f0-9add-5405db5be75a", "@type": "rico:Person", "rico:name": {"@value": "Delluc, Jacques", "@language": "fr"}, "rico:hasOrHadOccupationOfType": {"@id": "type:prnon"}, "rico:hasOrHadDemographicGroup": {"@id": "type:sxhom"}}, {"@id": "https://data.archives.haute-garonne.fr/agent/597b36c5-e580-11f0-bdcb-5405db5be75a", "@type": "rico:Person", "rico:name": {"@value": "Faure, Bertrand", "@language": "fr"}, "rico:hasOrHadOccupationOfType": {"@id": "type:prnon"}, "rico:hasOrHadDemographicGroup": {"@id": "type:sxhom"}}, {"@id": "https://data.archives.haute-garonne.fr/agent/597b36c6-e580-11f0-8eba-5405db5be75a", "@type": "rico:Person", "rico:name": {"@value": "Pantic, Dominique", "@language": "fr"}, "rico:hasOrHadOccupationOfType": {"@id": "type:prnon"}, "rico:hasOrHadDemographicGroup": {"@id": "type:sxind"}}], "rico:hasBeginningDate": {"@id": "https://data.archives.haute-garonne.fr/evenement/597070a9-e580-11f0-857c-5405db5be75a#date-debut", "@type": "rico:Date", "rico:expressedDate": {"@value": "1787", "@language": "fr"}, "rico:normalizedDateValue": {"@value": "1787", "@type": "http://www.w3.org/2001/XMLSchema#gYear"}}, "rico:hasEndDate": {"@id": "https://data.archives.haute-garonne.fr/evenement/597070a9-e580-11f0-857c-5405db5be75a#date-fin", "@type": "rico:Date", "rico:expressedDate": {"value": "1788", "@language": "fr"}, "rico:normalizedDateValue": {"value": "1788", "@type": "http://www.w3.org/2001/XMLSchema#gYear"}}}}]