[{"@id": "https://data.archives.haute-garonne.fr/instanciation/5970497d-e580-11f0-8673-5405db5be75a#cote", "@type": "rico:Identifier", "rico:name": "2 B 13289", "rico:hasIdentifierType": "type:ctact"}, {"@id": "https://data.archives.haute-garonne.fr/instanciation/5970497d-e580-11f0-8673-5405db5be75a#castan27", "@type": "rico:Identifier", "rico:name": "6031", "rico:hasIdentifierType": "type:ctcas"}, {"@id": "https://data.archives.haute-garonne.fr/agent/59875328-e580-11f0-8b32-5405db5be75a", "@type": "rico:CorporateBody", "rico:name": {"@value": "Baronnie de Villefort. Justice seigneuriale (Villefort, Aude, France)", "@language": "fr"}, "rico:hasOrHadCorporateBodyType": {"@id": "type:cljur"}}, {"@id": "https://data.archives.haute-garonne.fr/agent/5988f02b-e580-11f0-9b8a-5405db5be75a", "@type": "rico:CorporateBody", "rico:name": {"@value": "France. S\u00e9n\u00e9chauss\u00e9e de N\u00eemes", "@language": "fr"}, "rico:hasOrHadLegalStatus": {"@id": "type:jusen"}, "rico:hasOrHadCorporateBodyType": {"@id": "type:cljur"}}, {"@id": "https://data.archives.haute-garonne.fr/instanciation/5970497d-e580-11f0-8673-5405db5be75a", "@type": "rico:Instantiation", "rico:name": "2 B 13289", "rico:hasCarrierType": {"@id": "type:susac"}, "rico:physicalCharacteristicsNote": {"@value": "{}", "@language": "fr"}, "rico:structure": {"@value": "{}", "@language": "fr"}, "rico:hasOrHadIdentifier": [{"@id": "https://data.archives.haute-garonne.fr/instanciation/5970497d-e580-11f0-8673-5405db5be75a#cote"}, {"@id": {"@id": "https://data.archives.haute-garonne.fr/instanciation/5970497d-e580-11f0-8673-5405db5be75a#castan27"}}], "rico:isOrWasInstantiationOf": {"@id": "{}"}, "rico:hasOrganicProvenance": [{"@id": "https://data.archives.haute-garonne.fr/agent/59875328-e580-11f0-8b32-5405db5be75a"}, {"@id": "https://data.archives.haute-garonne.fr/agent/5988f02b-e580-11f0-9b8a-5405db5be75a"}], "rico:documents": {"@id": "https://data.archives.haute-garonne.fr/instanciation/597070a2-e580-11f0-b785-5405db5be75a", "@type": "rico:Activity", "rico:name": {"@value": "Procedure de la justice seigneuriale de Villefort et de la justice s\u00e9n\u00e9chauss\u00e9e de N\u00eemes entre le procureur du Roy et Savin Jean- Andr\u00e9 pour vol.", "@language": "fr"}, "rico:resultsOrResultedFrom": [{"@id": "https://data.archives.haute-garonne.fr/evenement/5989db70-e580-11f0-a16b-5405db5be75a", "@type": "rico:Event", "rico:hasEventType": {"@id": "type:favol"}, "rico:hasOrHadLocation": "{}"}, {"@id": "https://data.archives.haute-garonne.fr/evenement/5989db70-e580-11f0-a16b-5405db5be75a", "@type": "rico:Event", "rico:hasEventType": {"@id": "type:pccri"}, "rico:hasOrHadLocation": "{}"}], "rico:hasOrHadSubevent": "??", "rico:isAssociatedWithEvent": "???", "rico:hasOrHadParticipant": [{"@id": "https://data.archives.haute-garonne.fr/agent/597b36b2-e580-11f0-adce-5405db5be75a", "@type": "rico:Person", "rico:name": {"@value": "Le Procureur du Roi", "@language": "fr"}, "rico:hasOrHadOccupationOfType": {"@id": "type:prnon"}, "rico:hasOrHadDemographicGroup": {"@id": "type:sxhom"}}, {"@id": "https://data.archives.haute-garonne.fr/agent/597b36b3-e580-11f0-a6e1-5405db5be75a", "@type": "rico:Person", "rico:name": {"@value": "Savin, Jean- Andr\u00e9", "@language": "fr"}, "rico:hasOrHadOccupationOfType": {"@id": "type:prnon"}, "rico:hasOrHadDemographicGroup": {"@id": "type:sxhom"}}], "rico:hasBeginningDate": {"@id": "https://data.archives.haute-garonne.fr/evenement/597070a2-e580-11f0-b785-5405db5be75a#date-debut", "@type": "rico:Date", "rico:expressedDate": {"@value": "1788", "@language": "fr"}, "rico:normalizedDateValue": {"@value": "1788", "@type": "http://www.w3.org/2001/XMLSchema#gYear"}}, "rico:hasEndDate": {"@id": "https://data.archives.haute-garonne.fr/evenement/597070a2-e580-11f0-b785-5405db5be75a#date-fin", "@type": "rico:Date", "rico:expressedDate": {"value": "1789", "@language": "fr"}, "rico:normalizedDateValue": {"value": "1789", "@type": "http://www.w3.org/2001/XMLSchema#gYear"}}}}]