[{"@id": "https://data.archives.haute-garonne.fr/instanciation/5970224b-e580-11f0-bd8a-5405db5be75a#cote", "@type": "rico:Identifier", "rico:name": "3 B 574", "rico:hasIdentifierType": "type:ctact"}, {"@id": "https://data.archives.haute-garonne.fr/agent/59872c3e-e580-11f0-ba09-5405db5be75a", "@type": "rico:CorporateBody", "rico:name": {"@value": "France. Chambre mi-partie de Languedoc", "@language": "fr"}, "rico:hasOrHadLegalStatus": {"@id": "type:jucou"}, "rico:hasOrHadCorporateBodyType": {"@id": "type:cljur"}}, {"@id": "https://data.archives.haute-garonne.fr/instanciation/5970224b-e580-11f0-bd8a-5405db5be75a", "@type": "rico:Instantiation", "rico:name": "3 B 574", "rico:hasCarrierType": {"@id": "type:susac"}, "rico:physicalCharacteristicsNote": {"@value": "{}", "@language": "fr"}, "rico:structure": {"@value": "{}", "@language": "fr"}, "rico:hasOrHadIdentifier": [{"@id": "https://data.archives.haute-garonne.fr/instanciation/5970224b-e580-11f0-bd8a-5405db5be75a#cote"}], "rico:isOrWasInstantiationOf": {"@id": "{}"}, "rico:hasOrganicProvenance": [{"@id": "https://data.archives.haute-garonne.fr/agent/59872c3e-e580-11f0-ba09-5405db5be75a"}], "rico:documents": {"@id": "https://data.archives.haute-garonne.fr/instanciation/5970708d-e580-11f0-bb72-5405db5be75a", "@type": "rico:Activity", "rico:name": {"@value": "Proc\u00e9dure devant le parlement de Toulouse et la chambre de l'\u00e9dit de Castelnaudary et la justice royale de N\u00eemes entre Jean Pierre Julien et Jean Charlon pour une rupture de contrat.", "@language": "fr"}, "rico:resultsOrResultedFrom": [{"@id": "https://data.archives.haute-garonne.fr/evenement/5989db5b-e580-11f0-8b73-5405db5be75a", "@type": "rico:Event", "rico:hasEventType": {"@id": "type:facnt"}, "rico:hasOrHadLocation": "{}"}, {"@id": "https://data.archives.haute-garonne.fr/evenement/5989db5b-e580-11f0-8b73-5405db5be75a", "@type": "rico:Event", "rico:hasEventType": {"@id": "type:pcciv"}, "rico:hasOrHadLocation": "{}"}], "rico:hasOrHadSubevent": "??", "rico:isAssociatedWithEvent": "???", "rico:hasOrHadParticipant": [{"@id": "https://data.archives.haute-garonne.fr/agent/597ac191-e580-11f0-a006-5405db5be75a", "@type": "rico:Person", "rico:name": {"@value": "Charlon, Jean", "@language": "fr"}, "rico:hasOrHadOccupationOfType": {"@id": "type:prnon"}, "rico:hasOrHadDemographicGroup": {"@id": "type:sxhom"}}, {"@id": "https://data.archives.haute-garonne.fr/agent/597ae8c6-e580-11f0-8447-5405db5be75a", "@type": "rico:Person", "rico:name": {"@value": "Julien, Jean Pierre", "@language": "fr"}, "rico:hasOrHadOccupationOfType": {"@id": "type:prnon"}, "rico:hasOrHadDemographicGroup": {"@id": "type:sxhom"}}], "rico:hasBeginningDate": {"@id": "https://data.archives.haute-garonne.fr/evenement/5970708d-e580-11f0-bb72-5405db5be75a#date-debut", "@type": "rico:Date", "rico:expressedDate": {"@value": "1668", "@language": "fr"}, "rico:normalizedDateValue": {"@value": "1668", "@type": "http://www.w3.org/2001/XMLSchema#gYear"}}, "rico:hasEndDate": {"@id": "https://data.archives.haute-garonne.fr/evenement/5970708d-e580-11f0-bb72-5405db5be75a#date-fin", "@type": "rico:Date", "rico:expressedDate": {"value": "1668", "@language": "fr"}, "rico:normalizedDateValue": {"value": "1668", "@type": "http://www.w3.org/2001/XMLSchema#gYear"}}}}]