[{"@id": "https://data.archives.haute-garonne.fr/instanciation/59702252-e580-11f0-aab0-5405db5be75a#cote", "@type": "rico:Identifier", "rico:name": "2 B 13273", "rico:hasIdentifierType": "type:ctact"}, {"@id": "https://data.archives.haute-garonne.fr/instanciation/59702252-e580-11f0-aab0-5405db5be75a#castan12", "@type": "rico:Identifier", "rico:name": "6386", "rico:hasIdentifierType": "type:ctcas"}, {"@id": "https://data.archives.haute-garonne.fr/agent/5987531a-e580-11f0-91db-5405db5be75a", "@type": "rico:CorporateBody", "rico:name": {"@value": "Marquisat d'Annonay. Justice seigneuriale (Annonay, Ard\u00e8che, France)", "@language": "fr"}, "rico:hasOrHadCorporateBodyType": {"@id": "type:cljur"}}, {"@id": "https://data.archives.haute-garonne.fr/agent/5988f028-e580-11f0-a71c-5405db5be75a", "@type": "rico:CorporateBody", "rico:name": {"@value": "France. S\u00e9n\u00e9chauss\u00e9e d'Annonay", "@language": "fr"}, "rico:hasOrHadLegalStatus": {"@id": "type:jusen"}, "rico:hasOrHadCorporateBodyType": {"@id": "type:cljur"}}, {"@id": "https://data.archives.haute-garonne.fr/instanciation/59702252-e580-11f0-aab0-5405db5be75a", "@type": "rico:Instantiation", "rico:name": "2 B 13273", "rico:hasCarrierType": {"@id": "type:susac"}, "rico:physicalCharacteristicsNote": {"@value": "{}", "@language": "fr"}, "rico:structure": {"@value": "{}", "@language": "fr"}, "rico:hasOrHadIdentifier": [{"@id": "https://data.archives.haute-garonne.fr/instanciation/59702252-e580-11f0-aab0-5405db5be75a#cote"}, {"@id": {"@id": "https://data.archives.haute-garonne.fr/instanciation/59702252-e580-11f0-aab0-5405db5be75a#castan12"}}], "rico:isOrWasInstantiationOf": {"@id": "{}"}, "rico:hasOrganicProvenance": [{"@id": "https://data.archives.haute-garonne.fr/agent/5987531a-e580-11f0-91db-5405db5be75a"}, {"@id": "https://data.archives.haute-garonne.fr/agent/5988f028-e580-11f0-a71c-5405db5be75a"}], "rico:documents": {"@id": "https://data.archives.haute-garonne.fr/instanciation/59707094-e580-11f0-b0bd-5405db5be75a", "@type": "rico:Activity", "rico:name": {"@value": "Proc\u00e9dure de la justice seigneuriale et du s\u00e9n\u00e9chal d'Annonay entre Jacques Fourel, procureur fiscal d'Annonay et le procureur du roi pour vol avec effraction et vol avec r\u00e9cidive.", "@language": "fr"}, "rico:resultsOrResultedFrom": [{"@id": "https://data.archives.haute-garonne.fr/evenement/5989db62-e580-11f0-973b-5405db5be75a", "@type": "rico:Event", "rico:hasEventType": {"@id": "type:faeff"}, "rico:hasOrHadLocation": "{}"}, {"@id": "https://data.archives.haute-garonne.fr/evenement/5989db62-e580-11f0-973b-5405db5be75a", "@type": "rico:Event", "rico:hasEventType": {"@id": "type:faave"}, "rico:hasOrHadLocation": "{}"}, {"@id": "https://data.archives.haute-garonne.fr/evenement/5989db62-e580-11f0-973b-5405db5be75a", "@type": "rico:Event", "rico:hasEventType": {"@id": "type:pccri"}, "rico:hasOrHadLocation": "{}"}], "rico:hasOrHadSubevent": "??", "rico:isAssociatedWithEvent": "???", "rico:hasOrHadParticipant": [{"@id": "https://data.archives.haute-garonne.fr/agent/597ae8de-e580-11f0-aa90-5405db5be75a", "@type": "rico:Person", "rico:name": {"@value": "Fourel, Jacques", "@language": "fr"}, "rico:hasOrHadOccupationOfType": {"@id": "type:prnon"}, "rico:hasOrHadDemographicGroup": {"@id": "type:sxhom"}}], "rico:hasBeginningDate": {"@id": "https://data.archives.haute-garonne.fr/evenement/59707094-e580-11f0-b0bd-5405db5be75a#date-debut", "@type": "rico:Date", "rico:expressedDate": {"@value": "1787", "@language": "fr"}, "rico:normalizedDateValue": {"@value": "1787", "@type": "http://www.w3.org/2001/XMLSchema#gYear"}}, "rico:hasEndDate": {"@id": "https://data.archives.haute-garonne.fr/evenement/59707094-e580-11f0-b0bd-5405db5be75a#date-fin", "@type": "rico:Date", "rico:expressedDate": {"value": "1789", "@language": "fr"}, "rico:normalizedDateValue": {"value": "1789", "@type": "http://www.w3.org/2001/XMLSchema#gYear"}}}}]