[{"@id": "https://data.archives.haute-garonne.fr/instanciation/59702258-e580-11f0-a579-5405db5be75a#cote", "@type": "rico:Identifier", "rico:name": "2 B 13279", "rico:hasIdentifierType": "type:ctact"}, {"@id": "https://data.archives.haute-garonne.fr/instanciation/59702258-e580-11f0-a579-5405db5be75a#castan18", "@type": "rico:Identifier", "rico:name": "4962", "rico:hasIdentifierType": "type:ctcas"}, {"@id": "https://data.archives.haute-garonne.fr/agent/59875320-e580-11f0-a889-5405db5be75a", "@type": "rico:CorporateBody", "rico:name": {"@value": "Coutures. Justice seigneuriale (Coutures, Tarn-et-Garonne, France)", "@language": "fr"}, "rico:hasOrHadCorporateBodyType": {"@id": "type:cljur"}}, {"@id": "https://data.archives.haute-garonne.fr/instanciation/59702258-e580-11f0-a579-5405db5be75a", "@type": "rico:Instantiation", "rico:name": "2 B 13279", "rico:hasCarrierType": {"@id": "type:susac"}, "rico:physicalCharacteristicsNote": {"@value": "{}", "@language": "fr"}, "rico:structure": {"@value": "{}", "@language": "fr"}, "rico:hasOrHadIdentifier": [{"@id": "https://data.archives.haute-garonne.fr/instanciation/59702258-e580-11f0-a579-5405db5be75a#cote"}, {"@id": {"@id": "https://data.archives.haute-garonne.fr/instanciation/59702258-e580-11f0-a579-5405db5be75a#castan18"}}], "rico:isOrWasInstantiationOf": {"@id": "{}"}, "rico:hasOrganicProvenance": [{"@id": "https://data.archives.haute-garonne.fr/agent/59875320-e580-11f0-a889-5405db5be75a"}], "rico:documents": {"@id": "https://data.archives.haute-garonne.fr/instanciation/5970709a-e580-11f0-874c-5405db5be75a", "@type": "rico:Activity", "rico:name": {"@value": "Proc\u00e9dure de la justice seigneuriale de Couture entre Pierre Mallac, Antoine Mallac et Antoine B\u00e9ge pour vol.", "@language": "fr"}, "rico:resultsOrResultedFrom": [{"@id": "https://data.archives.haute-garonne.fr/evenement/5989db68-e580-11f0-b43a-5405db5be75a", "@type": "rico:Event", "rico:hasEventType": {"@id": "type:favol"}, "rico:hasOrHadLocation": "{}"}, {"@id": "https://data.archives.haute-garonne.fr/evenement/5989db68-e580-11f0-b43a-5405db5be75a", "@type": "rico:Event", "rico:hasEventType": {"@id": "type:pccri"}, "rico:hasOrHadLocation": "{}"}], "rico:hasOrHadSubevent": "??", "rico:isAssociatedWithEvent": "???", "rico:hasOrHadParticipant": [{"@id": "https://data.archives.haute-garonne.fr/agent/597b0f9f-e580-11f0-aabe-5405db5be75a", "@type": "rico:Person", "rico:name": {"@value": "Bege, Antoine", "@language": "fr"}, "rico:hasOrHadOccupationOfType": {"@id": "type:prnon"}, "rico:hasOrHadDemographicGroup": {"@id": "type:sxhom"}}, {"@id": "https://data.archives.haute-garonne.fr/agent/597b0fa0-e580-11f0-bac7-5405db5be75a", "@type": "rico:Person", "rico:name": {"@value": "Mallac, Antoine", "@language": "fr"}, "rico:hasOrHadOccupationOfType": {"@id": "type:prnon"}, "rico:hasOrHadDemographicGroup": {"@id": "type:sxhom"}}, {"@id": "https://data.archives.haute-garonne.fr/agent/597b0fa1-e580-11f0-952b-5405db5be75a", "@type": "rico:Person", "rico:name": {"@value": "Mallac, Pierre", "@language": "fr"}, "rico:hasOrHadOccupationOfType": {"@id": "type:prnon"}, "rico:hasOrHadDemographicGroup": {"@id": "type:sxhom"}}], "rico:hasBeginningDate": {"@id": "https://data.archives.haute-garonne.fr/evenement/5970709a-e580-11f0-874c-5405db5be75a#date-debut", "@type": "rico:Date", "rico:expressedDate": {"@value": "1768", "@language": "fr"}, "rico:normalizedDateValue": {"@value": "1768", "@type": "http://www.w3.org/2001/XMLSchema#gYear"}}, "rico:hasEndDate": {"@id": "https://data.archives.haute-garonne.fr/evenement/5970709a-e580-11f0-874c-5405db5be75a#date-fin", "@type": "rico:Date", "rico:expressedDate": {"value": "1769", "@language": "fr"}, "rico:normalizedDateValue": {"value": "1769", "@type": "http://www.w3.org/2001/XMLSchema#gYear"}}}}]