[{"@id": "https://data.archives.haute-garonne.fr/instanciation/59702253-e580-11f0-911d-5405db5be75a#cote", "@type": "rico:Identifier", "rico:name": "2 B 13274", "rico:hasIdentifierType": "type:ctact"}, {"@id": "https://data.archives.haute-garonne.fr/instanciation/59702253-e580-11f0-911d-5405db5be75a#castan13", "@type": "rico:Identifier", "rico:name": "6219", "rico:hasIdentifierType": "type:ctcas"}, {"@id": "https://data.archives.haute-garonne.fr/agent/5987531b-e580-11f0-bd31-5405db5be75a", "@type": "rico:CorporateBody", "rico:name": {"@value": "Consulat de Trie (communaut\u00e9 d'habitants ; Hautes-Pyr\u00e9n\u00e9es, France). Justice municipale", "@language": "fr"}, "rico:hasOrHadCorporateBodyType": {"@id": "type:cljur"}}, {"@id": "https://data.archives.haute-garonne.fr/instanciation/59702253-e580-11f0-911d-5405db5be75a", "@type": "rico:Instantiation", "rico:name": "2 B 13274", "rico:hasCarrierType": {"@id": "type:susac"}, "rico:physicalCharacteristicsNote": {"@value": "{}", "@language": "fr"}, "rico:structure": {"@value": "{}", "@language": "fr"}, "rico:hasOrHadIdentifier": [{"@id": "https://data.archives.haute-garonne.fr/instanciation/59702253-e580-11f0-911d-5405db5be75a#cote"}, {"@id": {"@id": "https://data.archives.haute-garonne.fr/instanciation/59702253-e580-11f0-911d-5405db5be75a#castan13"}}], "rico:isOrWasInstantiationOf": {"@id": "{}"}, "rico:hasOrganicProvenance": [{"@id": "https://data.archives.haute-garonne.fr/agent/5987531b-e580-11f0-bd31-5405db5be75a"}], "rico:documents": {"@id": "https://data.archives.haute-garonne.fr/instanciation/59707095-e580-11f0-b8f7-5405db5be75a", "@type": "rico:Activity", "rico:name": {"@value": "Proc\u00e9dure de la justice municipale de Trie entre le procureur du roi et Jean Vidon pour vol.", "@language": "fr"}, "rico:resultsOrResultedFrom": [{"@id": "https://data.archives.haute-garonne.fr/evenement/5989db63-e580-11f0-a84c-5405db5be75a", "@type": "rico:Event", "rico:hasEventType": {"@id": "type:favol"}, "rico:hasOrHadLocation": "{}"}, {"@id": "https://data.archives.haute-garonne.fr/evenement/5989db63-e580-11f0-a84c-5405db5be75a", "@type": "rico:Event", "rico:hasEventType": {"@id": "type:pccri"}, "rico:hasOrHadLocation": "{}"}], "rico:hasOrHadSubevent": "??", "rico:isAssociatedWithEvent": "???", "rico:hasOrHadParticipant": [{"@id": "https://data.archives.haute-garonne.fr/agent/597ae8df-e580-11f0-b7b7-5405db5be75a", "@type": "rico:Person", "rico:name": {"@value": "Vidon, Jean", "@language": "fr"}, "rico:hasOrHadOccupationOfType": {"@id": "type:prnon"}, "rico:hasOrHadDemographicGroup": {"@id": "type:sxhom"}}], "rico:hasBeginningDate": {"@id": "https://data.archives.haute-garonne.fr/evenement/59707095-e580-11f0-b8f7-5405db5be75a#date-debut", "@type": "rico:Date", "rico:expressedDate": {"@value": "1788", "@language": "fr"}, "rico:normalizedDateValue": {"@value": "1788", "@type": "http://www.w3.org/2001/XMLSchema#gYear"}}, "rico:hasEndDate": {"@id": "https://data.archives.haute-garonne.fr/evenement/59707095-e580-11f0-b8f7-5405db5be75a#date-fin", "@type": "rico:Date", "rico:expressedDate": {"value": "1788", "@language": "fr"}, "rico:normalizedDateValue": {"value": "1788", "@type": "http://www.w3.org/2001/XMLSchema#gYear"}}}}]