[{"@id": "https://data.archives.haute-garonne.fr/instanciation/59702256-e580-11f0-ae3d-5405db5be75a#cote", "@type": "rico:Identifier", "rico:name": "2 B 13277", "rico:hasIdentifierType": "type:ctact"}, {"@id": "https://data.archives.haute-garonne.fr/instanciation/59702256-e580-11f0-ae3d-5405db5be75a#castan16", "@type": "rico:Identifier", "rico:name": "4961", "rico:hasIdentifierType": "type:ctcas"}, {"@id": "https://data.archives.haute-garonne.fr/agent/5987531e-e580-11f0-a179-5405db5be75a", "@type": "rico:CorporateBody", "rico:name": {"@value": "Castelnau de Rivi\u00e8re-Basse. Justice royale inf\u00e9rieure (Castelnau-Rivi\u00e8re-Basse, Hautes-Pyr\u00e9n\u00e9es, France)", "@language": "fr"}, "rico:hasOrHadCorporateBodyType": {"@id": "type:cljur"}}, {"@id": "https://data.archives.haute-garonne.fr/instanciation/59702256-e580-11f0-ae3d-5405db5be75a", "@type": "rico:Instantiation", "rico:name": "2 B 13277", "rico:hasCarrierType": {"@id": "type:susac"}, "rico:physicalCharacteristicsNote": {"@value": "{}", "@language": "fr"}, "rico:structure": {"@value": "{}", "@language": "fr"}, "rico:hasOrHadIdentifier": [{"@id": "https://data.archives.haute-garonne.fr/instanciation/59702256-e580-11f0-ae3d-5405db5be75a#cote"}, {"@id": {"@id": "https://data.archives.haute-garonne.fr/instanciation/59702256-e580-11f0-ae3d-5405db5be75a#castan16"}}], "rico:isOrWasInstantiationOf": {"@id": "{}"}, "rico:hasOrganicProvenance": [{"@id": "https://data.archives.haute-garonne.fr/agent/5987531e-e580-11f0-a179-5405db5be75a"}], "rico:documents": {"@id": "https://data.archives.haute-garonne.fr/instanciation/59707098-e580-11f0-b59e-5405db5be75a", "@type": "rico:Activity", "rico:name": {"@value": "Proc\u00e9dure de la justice royale de Castelnau de Riviere-Basse entre Anthoine Duclar, Pierre Paisse Bartazeille pour droit de l'\u00e9glise contest\u00e9.", "@language": "fr"}, "rico:resultsOrResultedFrom": [{"@id": "https://data.archives.haute-garonne.fr/evenement/5989db66-e580-11f0-9e8d-5405db5be75a", "@type": "rico:Event", "rico:hasEventType": {"@id": "type:pccri"}, "rico:hasOrHadLocation": "{}"}, {"@id": "https://data.archives.haute-garonne.fr/evenement/5989db66-e580-11f0-9e8d-5405db5be75a", "@type": "rico:Event", "rico:hasOrHadLocation": "{}"}], "rico:hasOrHadSubevent": "??", "rico:isAssociatedWithEvent": "???", "rico:hasOrHadParticipant": [{"@id": "https://data.archives.haute-garonne.fr/agent/597ae8e8-e580-11f0-aa2b-5405db5be75a", "@type": "rico:Person", "rico:name": {"@value": "Duclar, Anthoine", "@language": "fr"}, "rico:hasOrHadOccupationOfType": {"@id": "type:prnon"}, "rico:hasOrHadDemographicGroup": {"@id": "type:sxhom"}}, {"@id": "https://data.archives.haute-garonne.fr/agent/597b0f98-e580-11f0-9a98-5405db5be75a", "@type": "rico:Person", "rico:name": {"@value": "Paisse Bartazeille, Pierre", "@language": "fr"}, "rico:hasOrHadOccupationOfType": {"@id": "type:prnon"}, "rico:hasOrHadDemographicGroup": {"@id": "type:sxhom"}}], "rico:hasBeginningDate": {"@id": "https://data.archives.haute-garonne.fr/evenement/59707098-e580-11f0-b59e-5405db5be75a#date-debut", "@type": "rico:Date", "rico:expressedDate": {"@value": "1766", "@language": "fr"}, "rico:normalizedDateValue": {"@value": "1766", "@type": "http://www.w3.org/2001/XMLSchema#gYear"}}, "rico:hasEndDate": {"@id": "https://data.archives.haute-garonne.fr/evenement/59707098-e580-11f0-b59e-5405db5be75a#date-fin", "@type": "rico:Date", "rico:expressedDate": {"value": "1769", "@language": "fr"}, "rico:normalizedDateValue": {"value": "1769", "@type": "http://www.w3.org/2001/XMLSchema#gYear"}}}}]