[{"@id": "https://data.archives.haute-garonne.fr/instanciation/5970497a-e580-11f0-be4a-5405db5be75a#cote", "@type": "rico:Identifier", "rico:name": "2 B 13286", "rico:hasIdentifierType": "type:ctact"}, {"@id": "https://data.archives.haute-garonne.fr/instanciation/5970497a-e580-11f0-be4a-5405db5be75a#castan24", "@type": "rico:Identifier", "rico:name": "214", "rico:hasIdentifierType": "type:ctcas"}, {"@id": "https://data.archives.haute-garonne.fr/agent/59875325-e580-11f0-9ea6-5405db5be75a", "@type": "rico:CorporateBody", "rico:name": {"@value": "Villebrumier. Justice seigneuriale (Villebrumier, Tarn-et-Garonne, France)", "@language": "fr"}, "rico:hasOrHadCorporateBodyType": {"@id": "type:cljur"}}, {"@id": "https://data.archives.haute-garonne.fr/instanciation/5970497a-e580-11f0-be4a-5405db5be75a", "@type": "rico:Instantiation", "rico:name": "2 B 13286", "rico:hasCarrierType": {"@id": "type:susac"}, "rico:physicalCharacteristicsNote": {"@value": "{}", "@language": "fr"}, "rico:structure": {"@value": "{}", "@language": "fr"}, "rico:hasOrHadIdentifier": [{"@id": "https://data.archives.haute-garonne.fr/instanciation/5970497a-e580-11f0-be4a-5405db5be75a#cote"}, {"@id": {"@id": "https://data.archives.haute-garonne.fr/instanciation/5970497a-e580-11f0-be4a-5405db5be75a#castan24"}}], "rico:isOrWasInstantiationOf": {"@id": "{}"}, "rico:hasOrganicProvenance": [{"@id": "https://data.archives.haute-garonne.fr/agent/59875325-e580-11f0-9ea6-5405db5be75a"}], "rico:documents": {"@id": "https://data.archives.haute-garonne.fr/instanciation/5970709f-e580-11f0-87fd-5405db5be75a", "@type": "rico:Activity", "rico:name": {"@value": "Proc\u00e9dure de la justice seigneuriale de Villebrumier entre Antoine Ferran, Anne Gerla, Catherine Charbonniers et le procureur juridictionnel pour injure orale et diffamation.", "@language": "fr"}, "rico:resultsOrResultedFrom": [{"@id": "https://data.archives.haute-garonne.fr/evenement/5989db6d-e580-11f0-9a6b-5405db5be75a", "@type": "rico:Event", "rico:hasEventType": {"@id": "type:faora"}, "rico:hasOrHadLocation": "{}"}, {"@id": "https://data.archives.haute-garonne.fr/evenement/5989db6d-e580-11f0-9a6b-5405db5be75a", "@type": "rico:Event", "rico:hasEventType": {"@id": "type:fadif"}, "rico:hasOrHadLocation": "{}"}, {"@id": "https://data.archives.haute-garonne.fr/evenement/5989db6d-e580-11f0-9a6b-5405db5be75a", "@type": "rico:Event", "rico:hasEventType": {"@id": "type:pccri"}, "rico:hasOrHadLocation": "{}"}], "rico:hasOrHadSubevent": "??", "rico:isAssociatedWithEvent": "???", "rico:hasOrHadParticipant": [{"@id": "https://data.archives.haute-garonne.fr/agent/597b0fb4-e580-11f0-a5f1-5405db5be75a", "@type": "rico:Person", "rico:name": {"@value": "Charbonnieres, Catherine", "@language": "fr"}, "rico:hasOrHadOccupationOfType": {"@id": "type:prnon"}, "rico:hasOrHadDemographicGroup": {"@id": "type:sxfem"}}, {"@id": "https://data.archives.haute-garonne.fr/agent/597b0fb5-e580-11f0-9fda-5405db5be75a", "@type": "rico:Person", "rico:name": {"@value": "Ferran, Antoine", "@language": "fr"}, "rico:hasOrHadOccupationOfType": {"@id": "type:prnon"}, "rico:hasOrHadDemographicGroup": {"@id": "type:sxhom"}}, {"@id": "https://data.archives.haute-garonne.fr/agent/597b0fb6-e580-11f0-a21e-5405db5be75a", "@type": "rico:Person", "rico:name": {"@value": "Gerla, Anne", "@language": "fr"}, "rico:hasOrHadOccupationOfType": {"@id": "type:prnon"}, "rico:hasOrHadDemographicGroup": {"@id": "type:sxfem"}}], "rico:hasBeginningDate": {"@id": "https://data.archives.haute-garonne.fr/evenement/5970709f-e580-11f0-87fd-5405db5be75a#date-debut", "@type": "rico:Date", "rico:expressedDate": {"@value": "1786", "@language": "fr"}, "rico:normalizedDateValue": {"@value": "1786", "@type": "http://www.w3.org/2001/XMLSchema#gYear"}}, "rico:hasEndDate": {"@id": "https://data.archives.haute-garonne.fr/evenement/5970709f-e580-11f0-87fd-5405db5be75a#date-fin", "@type": "rico:Date", "rico:expressedDate": {"value": "1787", "@language": "fr"}, "rico:normalizedDateValue": {"value": "1787", "@type": "http://www.w3.org/2001/XMLSchema#gYear"}}}}]